# Synthetic 2 Hz specific force; not a calibrated physical walking capture.
# time_us,accel,x_microg,y_microg,z_microg
0,accel,0,0,1253122
10000,accel,43867,0,1326162
20000,accel,87041,0,1394058
30000,accel,128844,0,1455739
40000,accel,168614,0,1510233
50000,accel,205725,0,1556681
60000,accel,239591,0,1594349
70000,accel,269680,0,1622644
80000,accel,295515,0,1641120
90000,accel,316689,0,1649485
100000,accel,332870,0,1647607
110000,accel,343801,0,1635516
120000,accel,349309,0,1613402
130000,accel,349309,0,1581615
140000,accel,343801,0,1540655
150000,accel,332870,0,1491169
160000,accel,316689,0,1433937
170000,accel,295515,0,1369861
180000,accel,269680,0,1299952
190000,accel,239591,0,1225313
200000,accel,205725,0,1147121
210000,accel,168614,0,1066609
220000,accel,128844,0,985046
230000,accel,87041,0,903718
240000,accel,43867,0,823910
250000,accel,0,0,746878
260000,accel,-43867,0,673838
270000,accel,-87041,0,605942
280000,accel,-128844,0,544261
290000,accel,-168614,0,489767
300000,accel,-205725,0,443319
310000,accel,-239591,0,405651
320000,accel,-269680,0,377356
330000,accel,-295515,0,358880
340000,accel,-316689,0,350515
350000,accel,-332870,0,352393
360000,accel,-343801,0,364484
370000,accel,-349309,0,386598
380000,accel,-349309,0,418385
390000,accel,-343801,0,459345
400000,accel,-332870,0,508831
410000,accel,-316689,0,566063
420000,accel,-295515,0,630139
430000,accel,-269680,0,700048
440000,accel,-239591,0,774687
450000,accel,-205725,0,852879
460000,accel,-168614,0,933391
470000,accel,-128844,0,1014954
480000,accel,-87041,0,1096282
490000,accel,-43867,0,1176090
500000,accel,0,0,1253122
510000,accel,43867,0,1326162
520000,accel,87041,0,1394058
530000,accel,128844,0,1455739
540000,accel,168614,0,1510233
550000,accel,205725,0,1556681
560000,accel,239591,0,1594349
570000,accel,269680,0,1622644
580000,accel,295515,0,1641120
590000,accel,316689,0,1649485
600000,accel,332870,0,1647607
610000,accel,343801,0,1635516
620000,accel,349309,0,1613402
630000,accel,349309,0,1581615
640000,accel,343801,0,1540655
650000,accel,332870,0,1491169
660000,accel,316689,0,1433937
670000,accel,295515,0,1369861
680000,accel,269680,0,1299952
690000,accel,239591,0,1225313
700000,accel,205725,0,1147121
710000,accel,168614,0,1066609
720000,accel,128844,0,985046
730000,accel,87041,0,903718
740000,accel,43867,0,823910
750000,accel,0,0,746878
760000,accel,-43867,0,673838
770000,accel,-87041,0,605942
780000,accel,-128844,0,544261
790000,accel,-168614,0,489767
800000,accel,-205725,0,443319
810000,accel,-239591,0,405651
820000,accel,-269680,0,377356
830000,accel,-295515,0,358880
840000,accel,-316689,0,350515
850000,accel,-332870,0,352393
860000,accel,-343801,0,364484
870000,accel,-349309,0,386598
880000,accel,-349309,0,418385
890000,accel,-343801,0,459345
900000,accel,-332870,0,508831
910000,accel,-316689,0,566063
920000,accel,-295515,0,630139
930000,accel,-269680,0,700048
940000,accel,-239591,0,774687
950000,accel,-205725,0,852879
960000,accel,-168614,0,933391
970000,accel,-128844,0,1014954
980000,accel,-87041,0,1096282
990000,accel,-43867,0,1176090
1000000,accel,0,0,1253122
1010000,accel,43867,0,1326162
1020000,accel,87041,0,1394058
1030000,accel,128844,0,1455739
1040000,accel,168614,0,1510233
1050000,accel,205725,0,1556681
1060000,accel,239591,0,1594349
1070000,accel,269680,0,1622644
1080000,accel,295515,0,1641120
1090000,accel,316689,0,1649485
1100000,accel,332870,0,1647607
1110000,accel,343801,0,1635516
1120000,accel,349309,0,1613402
1130000,accel,349309,0,1581615
1140000,accel,343801,0,1540655
1150000,accel,332870,0,1491169
1160000,accel,316689,0,1433937
1170000,accel,295515,0,1369861
1180000,accel,269680,0,1299952
1190000,accel,239591,0,1225313
1200000,accel,205725,0,1147121
1210000,accel,168614,0,1066609
1220000,accel,128844,0,985046
1230000,accel,87041,0,903718
1240000,accel,43867,0,823910
1250000,accel,0,0,746878
1260000,accel,-43867,0,673838
1270000,accel,-87041,0,605942
1280000,accel,-128844,0,544261
1290000,accel,-168614,0,489767
1300000,accel,-205725,0,443319
1310000,accel,-239591,0,405651
1320000,accel,-269680,0,377356
1330000,accel,-295515,0,358880
1340000,accel,-316689,0,350515
1350000,accel,-332870,0,352393
1360000,accel,-343801,0,364484
1370000,accel,-349309,0,386598
1380000,accel,-349309,0,418385
1390000,accel,-343801,0,459345
1400000,accel,-332870,0,508831
1410000,accel,-316689,0,566063
1420000,accel,-295515,0,630139
1430000,accel,-269680,0,700048
1440000,accel,-239591,0,774687
1450000,accel,-205725,0,852879
1460000,accel,-168614,0,933391
1470000,accel,-128844,0,1014954
1480000,accel,-87041,0,1096282
1490000,accel,-43867,0,1176090
1500000,accel,0,0,1253122
1510000,accel,43867,0,1326162
1520000,accel,87041,0,1394058
1530000,accel,128844,0,1455739
1540000,accel,168614,0,1510233
1550000,accel,205725,0,1556681
1560000,accel,239591,0,1594349
1570000,accel,269680,0,1622644
1580000,accel,295515,0,1641120
1590000,accel,316689,0,1649485
1600000,accel,332870,0,1647607
1610000,accel,343801,0,1635516
1620000,accel,349309,0,1613402
1630000,accel,349309,0,1581615
1640000,accel,343801,0,1540655
1650000,accel,332870,0,1491169
1660000,accel,316689,0,1433937
1670000,accel,295515,0,1369861
1680000,accel,269680,0,1299952
1690000,accel,239591,0,1225313
1700000,accel,205725,0,1147121
1710000,accel,168614,0,1066609
1720000,accel,128844,0,985046
1730000,accel,87041,0,903718
1740000,accel,43867,0,823910
1750000,accel,0,0,746878
1760000,accel,-43867,0,673838
1770000,accel,-87041,0,605942
1780000,accel,-128844,0,544261
1790000,accel,-168614,0,489767
1800000,accel,-205725,0,443319
1810000,accel,-239591,0,405651
1820000,accel,-269680,0,377356
1830000,accel,-295515,0,358880
1840000,accel,-316689,0,350515
1850000,accel,-332870,0,352393
1860000,accel,-343801,0,364484
1870000,accel,-349309,0,386598
1880000,accel,-349309,0,418385
1890000,accel,-343801,0,459345
1900000,accel,-332870,0,508831
1910000,accel,-316689,0,566063
1920000,accel,-295515,0,630139
1930000,accel,-269680,0,700048
1940000,accel,-239591,0,774687
1950000,accel,-205725,0,852879
1960000,accel,-168614,0,933391
1970000,accel,-128844,0,1014954
1980000,accel,-87041,0,1096282
1990000,accel,-43867,0,1176090
2000000,accel,0,0,1253122
2010000,accel,43867,0,1326162
2020000,accel,87041,0,1394058
2030000,accel,128844,0,1455739
2040000,accel,168614,0,1510233
2050000,accel,205725,0,1556681
2060000,accel,239591,0,1594349
2070000,accel,269680,0,1622644
2080000,accel,295515,0,1641120
2090000,accel,316689,0,1649485
2100000,accel,332870,0,1647607
2110000,accel,343801,0,1635516
2120000,accel,349309,0,1613402
2130000,accel,349309,0,1581615
2140000,accel,343801,0,1540655
2150000,accel,332870,0,1491169
2160000,accel,316689,0,1433937
2170000,accel,295515,0,1369861
2180000,accel,269680,0,1299952
2190000,accel,239591,0,1225313
2200000,accel,205725,0,1147121
2210000,accel,168614,0,1066609
2220000,accel,128844,0,985046
2230000,accel,87041,0,903718
2240000,accel,43867,0,823910
2250000,accel,0,0,746878
2260000,accel,-43867,0,673838
2270000,accel,-87041,0,605942
2280000,accel,-128844,0,544261
2290000,accel,-168614,0,489767
2300000,accel,-205725,0,443319
2310000,accel,-239591,0,405651
2320000,accel,-269680,0,377356
2330000,accel,-295515,0,358880
2340000,accel,-316689,0,350515
2350000,accel,-332870,0,352393
2360000,accel,-343801,0,364484
2370000,accel,-349309,0,386598
2380000,accel,-349309,0,418385
2390000,accel,-343801,0,459345
2400000,accel,-332870,0,508831
2410000,accel,-316689,0,566063
2420000,accel,-295515,0,630139
2430000,accel,-269680,0,700048
2440000,accel,-239591,0,774687
2450000,accel,-205725,0,852879
2460000,accel,-168614,0,933391
2470000,accel,-128844,0,1014954
2480000,accel,-87041,0,1096282
2490000,accel,-43867,0,1176090
2500000,accel,0,0,1253122
2510000,accel,43867,0,1326162
2520000,accel,87041,0,1394058
2530000,accel,128844,0,1455739
2540000,accel,168614,0,1510233
2550000,accel,205725,0,1556681
2560000,accel,239591,0,1594349
2570000,accel,269680,0,1622644
2580000,accel,295515,0,1641120
2590000,accel,316689,0,1649485
2600000,accel,332870,0,1647607
2610000,accel,343801,0,1635516
2620000,accel,349309,0,1613402
2630000,accel,349309,0,1581615
2640000,accel,343801,0,1540655
2650000,accel,332870,0,1491169
2660000,accel,316689,0,1433937
2670000,accel,295515,0,1369861
2680000,accel,269680,0,1299952
2690000,accel,239591,0,1225313
2700000,accel,205725,0,1147121
2710000,accel,168614,0,1066609
2720000,accel,128844,0,985046
2730000,accel,87041,0,903718
2740000,accel,43867,0,823910
2750000,accel,0,0,746878
2760000,accel,-43867,0,673838
2770000,accel,-87041,0,605942
2780000,accel,-128844,0,544261
2790000,accel,-168614,0,489767
2800000,accel,-205725,0,443319
2810000,accel,-239591,0,405651
2820000,accel,-269680,0,377356
2830000,accel,-295515,0,358880
2840000,accel,-316689,0,350515
2850000,accel,-332870,0,352393
2860000,accel,-343801,0,364484
2870000,accel,-349309,0,386598
2880000,accel,-349309,0,418385
2890000,accel,-343801,0,459345
2900000,accel,-332870,0,508831
2910000,accel,-316689,0,566063
2920000,accel,-295515,0,630139
2930000,accel,-269680,0,700048
2940000,accel,-239591,0,774687
2950000,accel,-205725,0,852879
2960000,accel,-168614,0,933391
2970000,accel,-128844,0,1014954
2980000,accel,-87041,0,1096282
2990000,accel,-43867,0,1176090
3000000,accel,0,0,1253122
3010000,accel,43867,0,1326162
3020000,accel,87041,0,1394058
3030000,accel,128844,0,1455739
3040000,accel,168614,0,1510233
3050000,accel,205725,0,1556681
3060000,accel,239591,0,1594349
3070000,accel,269680,0,1622644
3080000,accel,295515,0,1641120
3090000,accel,316689,0,1649485
3100000,accel,332870,0,1647607
3110000,accel,343801,0,1635516
3120000,accel,349309,0,1613402
3130000,accel,349309,0,1581615
3140000,accel,343801,0,1540655
3150000,accel,332870,0,1491169
3160000,accel,316689,0,1433937
3170000,accel,295515,0,1369861
3180000,accel,269680,0,1299952
3190000,accel,239591,0,1225313
3200000,accel,205725,0,1147121
3210000,accel,168614,0,1066609
3220000,accel,128844,0,985046
3230000,accel,87041,0,903718
3240000,accel,43867,0,823910
3250000,accel,0,0,746878
3260000,accel,-43867,0,673838
3270000,accel,-87041,0,605942
3280000,accel,-128844,0,544261
3290000,accel,-168614,0,489767
3300000,accel,-205725,0,443319
3310000,accel,-239591,0,405651
3320000,accel,-269680,0,377356
3330000,accel,-295515,0,358880
3340000,accel,-316689,0,350515
3350000,accel,-332870,0,352393
3360000,accel,-343801,0,364484
3370000,accel,-349309,0,386598
3380000,accel,-349309,0,418385
3390000,accel,-343801,0,459345
3400000,accel,-332870,0,508831
3410000,accel,-316689,0,566063
3420000,accel,-295515,0,630139
3430000,accel,-269680,0,700048
3440000,accel,-239591,0,774687
3450000,accel,-205725,0,852879
3460000,accel,-168614,0,933391
3470000,accel,-128844,0,1014954
3480000,accel,-87041,0,1096282
3490000,accel,-43867,0,1176090
3500000,accel,0,0,1253122
3510000,accel,43867,0,1326162
3520000,accel,87041,0,1394058
3530000,accel,128844,0,1455739
3540000,accel,168614,0,1510233
3550000,accel,205725,0,1556681
3560000,accel,239591,0,1594349
3570000,accel,269680,0,1622644
3580000,accel,295515,0,1641120
3590000,accel,316689,0,1649485
3600000,accel,332870,0,1647607
3610000,accel,343801,0,1635516
3620000,accel,349309,0,1613402
3630000,accel,349309,0,1581615
3640000,accel,343801,0,1540655
3650000,accel,332870,0,1491169
3660000,accel,316689,0,1433937
3670000,accel,295515,0,1369861
3680000,accel,269680,0,1299952
3690000,accel,239591,0,1225313
3700000,accel,205725,0,1147121
3710000,accel,168614,0,1066609
3720000,accel,128844,0,985046
3730000,accel,87041,0,903718
3740000,accel,43867,0,823910
3750000,accel,0,0,746878
3760000,accel,-43867,0,673838
3770000,accel,-87041,0,605942
3780000,accel,-128844,0,544261
3790000,accel,-168614,0,489767
3800000,accel,-205725,0,443319
3810000,accel,-239591,0,405651
3820000,accel,-269680,0,377356
3830000,accel,-295515,0,358880
3840000,accel,-316689,0,350515
3850000,accel,-332870,0,352393
3860000,accel,-343801,0,364484
3870000,accel,-349309,0,386598
3880000,accel,-349309,0,418385
3890000,accel,-343801,0,459345
3900000,accel,-332870,0,508831
3910000,accel,-316689,0,566063
3920000,accel,-295515,0,630139
3930000,accel,-269680,0,700048
3940000,accel,-239591,0,774687
3950000,accel,-205725,0,852879
3960000,accel,-168614,0,933391
3970000,accel,-128844,0,1014954
3980000,accel,-87041,0,1096282
3990000,accel,-43867,0,1176090
4000000,accel,0,0,1253122
4010000,accel,43867,0,1326162
4020000,accel,87041,0,1394058
4030000,accel,128844,0,1455739
4040000,accel,168614,0,1510233
4050000,accel,205725,0,1556681
4060000,accel,239591,0,1594349
4070000,accel,269680,0,1622644
4080000,accel,295515,0,1641120
4090000,accel,316689,0,1649485
4100000,accel,332870,0,1647607
4110000,accel,343801,0,1635516
4120000,accel,349309,0,1613402
4130000,accel,349309,0,1581615
4140000,accel,343801,0,1540655
4150000,accel,332870,0,1491169
4160000,accel,316689,0,1433937
4170000,accel,295515,0,1369861
4180000,accel,269680,0,1299952
4190000,accel,239591,0,1225313
4200000,accel,205725,0,1147121
4210000,accel,168614,0,1066609
4220000,accel,128844,0,985046
4230000,accel,87041,0,903718
4240000,accel,43867,0,823910
4250000,accel,0,0,746878
4260000,accel,-43867,0,673838
4270000,accel,-87041,0,605942
4280000,accel,-128844,0,544261
4290000,accel,-168614,0,489767
4300000,accel,-205725,0,443319
4310000,accel,-239591,0,405651
4320000,accel,-269680,0,377356
4330000,accel,-295515,0,358880
4340000,accel,-316689,0,350515
4350000,accel,-332870,0,352393
4360000,accel,-343801,0,364484
4370000,accel,-349309,0,386598
4380000,accel,-349309,0,418385
4390000,accel,-343801,0,459345
4400000,accel,-332870,0,508831
4410000,accel,-316689,0,566063
4420000,accel,-295515,0,630139
4430000,accel,-269680,0,700048
4440000,accel,-239591,0,774687
4450000,accel,-205725,0,852879
4460000,accel,-168614,0,933391
4470000,accel,-128844,0,1014954
4480000,accel,-87041,0,1096282
4490000,accel,-43867,0,1176090
4500000,accel,0,0,1253122
4510000,accel,43867,0,1326162
4520000,accel,87041,0,1394058
4530000,accel,128844,0,1455739
4540000,accel,168614,0,1510233
4550000,accel,205725,0,1556681
4560000,accel,239591,0,1594349
4570000,accel,269680,0,1622644
4580000,accel,295515,0,1641120
4590000,accel,316689,0,1649485
4600000,accel,332870,0,1647607
4610000,accel,343801,0,1635516
4620000,accel,349309,0,1613402
4630000,accel,349309,0,1581615
4640000,accel,343801,0,1540655
4650000,accel,332870,0,1491169
4660000,accel,316689,0,1433937
4670000,accel,295515,0,1369861
4680000,accel,269680,0,1299952
4690000,accel,239591,0,1225313
4700000,accel,205725,0,1147121
4710000,accel,168614,0,1066609
4720000,accel,128844,0,985046
4730000,accel,87041,0,903718
4740000,accel,43867,0,823910
4750000,accel,0,0,746878
4760000,accel,-43867,0,673838
4770000,accel,-87041,0,605942
4780000,accel,-128844,0,544261
4790000,accel,-168614,0,489767
4800000,accel,-205725,0,443319
4810000,accel,-239591,0,405651
4820000,accel,-269680,0,377356
4830000,accel,-295515,0,358880
4840000,accel,-316689,0,350515
4850000,accel,-332870,0,352393
4860000,accel,-343801,0,364484
4870000,accel,-349309,0,386598
4880000,accel,-349309,0,418385
4890000,accel,-343801,0,459345
4900000,accel,-332870,0,508831
4910000,accel,-316689,0,566063
4920000,accel,-295515,0,630139
4930000,accel,-269680,0,700048
4940000,accel,-239591,0,774687
4950000,accel,-205725,0,852879
4960000,accel,-168614,0,933391
4970000,accel,-128844,0,1014954
4980000,accel,-87041,0,1096282
4990000,accel,-43867,0,1176090
5000000,accel,0,0,1253122
5010000,accel,43867,0,1326162
5020000,accel,87041,0,1394058
5030000,accel,128844,0,1455739
5040000,accel,168614,0,1510233
5050000,accel,205725,0,1556681
5060000,accel,239591,0,1594349
5070000,accel,269680,0,1622644
5080000,accel,295515,0,1641120
5090000,accel,316689,0,1649485
5100000,accel,332870,0,1647607
5110000,accel,343801,0,1635516
5120000,accel,349309,0,1613402
5130000,accel,349309,0,1581615
5140000,accel,343801,0,1540655
5150000,accel,332870,0,1491169
5160000,accel,316689,0,1433937
5170000,accel,295515,0,1369861
5180000,accel,269680,0,1299952
5190000,accel,239591,0,1225313
5200000,accel,205725,0,1147121
5210000,accel,168614,0,1066609
5220000,accel,128844,0,985046
5230000,accel,87041,0,903718
5240000,accel,43867,0,823910
5250000,accel,0,0,746878
5260000,accel,-43867,0,673838
5270000,accel,-87041,0,605942
5280000,accel,-128844,0,544261
5290000,accel,-168614,0,489767
5300000,accel,-205725,0,443319
5310000,accel,-239591,0,405651
5320000,accel,-269680,0,377356
5330000,accel,-295515,0,358880
5340000,accel,-316689,0,350515
5350000,accel,-332870,0,352393
5360000,accel,-343801,0,364484
5370000,accel,-349309,0,386598
5380000,accel,-349309,0,418385
5390000,accel,-343801,0,459345
5400000,accel,-332870,0,508831
5410000,accel,-316689,0,566063
5420000,accel,-295515,0,630139
5430000,accel,-269680,0,700048
5440000,accel,-239591,0,774687
5450000,accel,-205725,0,852879
5460000,accel,-168614,0,933391
5470000,accel,-128844,0,1014954
5480000,accel,-87041,0,1096282
5490000,accel,-43867,0,1176090
5500000,accel,0,0,1253122
5510000,accel,43867,0,1326162
5520000,accel,87041,0,1394058
5530000,accel,128844,0,1455739
5540000,accel,168614,0,1510233
5550000,accel,205725,0,1556681
5560000,accel,239591,0,1594349
5570000,accel,269680,0,1622644
5580000,accel,295515,0,1641120
5590000,accel,316689,0,1649485
5600000,accel,332870,0,1647607
5610000,accel,343801,0,1635516
5620000,accel,349309,0,1613402
5630000,accel,349309,0,1581615
5640000,accel,343801,0,1540655
5650000,accel,332870,0,1491169
5660000,accel,316689,0,1433937
5670000,accel,295515,0,1369861
5680000,accel,269680,0,1299952
5690000,accel,239591,0,1225313
5700000,accel,205725,0,1147121
5710000,accel,168614,0,1066609
5720000,accel,128844,0,985046
5730000,accel,87041,0,903718
5740000,accel,43867,0,823910
5750000,accel,0,0,746878
5760000,accel,-43867,0,673838
5770000,accel,-87041,0,605942
5780000,accel,-128844,0,544261
5790000,accel,-168614,0,489767
5800000,accel,-205725,0,443319
5810000,accel,-239591,0,405651
5820000,accel,-269680,0,377356
5830000,accel,-295515,0,358880
5840000,accel,-316689,0,350515
5850000,accel,-332870,0,352393
5860000,accel,-343801,0,364484
5870000,accel,-349309,0,386598
5880000,accel,-349309,0,418385
5890000,accel,-343801,0,459345
5900000,accel,-332870,0,508831
5910000,accel,-316689,0,566063
5920000,accel,-295515,0,630139
5930000,accel,-269680,0,700048
5940000,accel,-239591,0,774687
5950000,accel,-205725,0,852879
5960000,accel,-168614,0,933391
5970000,accel,-128844,0,1014954
5980000,accel,-87041,0,1096282
5990000,accel,-43867,0,1176090
6000000,accel,0,0,1253122
6010000,accel,43867,0,1326162
6020000,accel,87041,0,1394058
6030000,accel,128844,0,1455739
6040000,accel,168614,0,1510233
6050000,accel,205725,0,1556681
6060000,accel,239591,0,1594349
6070000,accel,269680,0,1622644
6080000,accel,295515,0,1641120
6090000,accel,316689,0,1649485
6100000,accel,332870,0,1647607
6110000,accel,343801,0,1635516
6120000,accel,349309,0,1613402
6130000,accel,349309,0,1581615
6140000,accel,343801,0,1540655
6150000,accel,332870,0,1491169
6160000,accel,316689,0,1433937
6170000,accel,295515,0,1369861
6180000,accel,269680,0,1299952
6190000,accel,239591,0,1225313
6200000,accel,205725,0,1147121
6210000,accel,168614,0,1066609
6220000,accel,128844,0,985046
6230000,accel,87041,0,903718
6240000,accel,43867,0,823910
6250000,accel,0,0,746878
6260000,accel,-43867,0,673838
6270000,accel,-87041,0,605942
6280000,accel,-128844,0,544261
6290000,accel,-168614,0,489767
6300000,accel,-205725,0,443319
6310000,accel,-239591,0,405651
6320000,accel,-269680,0,377356
6330000,accel,-295515,0,358880
6340000,accel,-316689,0,350515
6350000,accel,-332870,0,352393
6360000,accel,-343801,0,364484
6370000,accel,-349309,0,386598
6380000,accel,-349309,0,418385
6390000,accel,-343801,0,459345
6400000,accel,-332870,0,508831
6410000,accel,-316689,0,566063
6420000,accel,-295515,0,630139
6430000,accel,-269680,0,700048
6440000,accel,-239591,0,774687
6450000,accel,-205725,0,852879
6460000,accel,-168614,0,933391
6470000,accel,-128844,0,1014954
6480000,accel,-87041,0,1096282
6490000,accel,-43867,0,1176090
6500000,accel,0,0,1253122
6510000,accel,43867,0,1326162
6520000,accel,87041,0,1394058
6530000,accel,128844,0,1455739
6540000,accel,168614,0,1510233
6550000,accel,205725,0,1556681
6560000,accel,239591,0,1594349
6570000,accel,269680,0,1622644
6580000,accel,295515,0,1641120
6590000,accel,316689,0,1649485
6600000,accel,332870,0,1647607
6610000,accel,343801,0,1635516
6620000,accel,349309,0,1613402
6630000,accel,349309,0,1581615
6640000,accel,343801,0,1540655
6650000,accel,332870,0,1491169
6660000,accel,316689,0,1433937
6670000,accel,295515,0,1369861
6680000,accel,269680,0,1299952
6690000,accel,239591,0,1225313
6700000,accel,205725,0,1147121
6710000,accel,168614,0,1066609
6720000,accel,128844,0,985046
6730000,accel,87041,0,903718
6740000,accel,43867,0,823910
6750000,accel,0,0,746878
6760000,accel,-43867,0,673838
6770000,accel,-87041,0,605942
6780000,accel,-128844,0,544261
6790000,accel,-168614,0,489767
6800000,accel,-205725,0,443319
6810000,accel,-239591,0,405651
6820000,accel,-269680,0,377356
6830000,accel,-295515,0,358880
6840000,accel,-316689,0,350515
6850000,accel,-332870,0,352393
6860000,accel,-343801,0,364484
6870000,accel,-349309,0,386598
6880000,accel,-349309,0,418385
6890000,accel,-343801,0,459345
6900000,accel,-332870,0,508831
6910000,accel,-316689,0,566063
6920000,accel,-295515,0,630139
6930000,accel,-269680,0,700048
6940000,accel,-239591,0,774687
6950000,accel,-205725,0,852879
6960000,accel,-168614,0,933391
6970000,accel,-128844,0,1014954
6980000,accel,-87041,0,1096282
6990000,accel,-43867,0,1176090
7000000,accel,0,0,1253122
7010000,accel,43867,0,1326162
7020000,accel,87041,0,1394058
7030000,accel,128844,0,1455739
7040000,accel,168614,0,1510233
7050000,accel,205725,0,1556681
7060000,accel,239591,0,1594349
7070000,accel,269680,0,1622644
7080000,accel,295515,0,1641120
7090000,accel,316689,0,1649485
7100000,accel,332870,0,1647607
7110000,accel,343801,0,1635516
7120000,accel,349309,0,1613402
7130000,accel,349309,0,1581615
7140000,accel,343801,0,1540655
7150000,accel,332870,0,1491169
7160000,accel,316689,0,1433937
7170000,accel,295515,0,1369861
7180000,accel,269680,0,1299952
7190000,accel,239591,0,1225313
7200000,accel,205725,0,1147121
7210000,accel,168614,0,1066609
7220000,accel,128844,0,985046
7230000,accel,87041,0,903718
7240000,accel,43867,0,823910
7250000,accel,0,0,746878
7260000,accel,-43867,0,673838
7270000,accel,-87041,0,605942
7280000,accel,-128844,0,544261
7290000,accel,-168614,0,489767
7300000,accel,-205725,0,443319
7310000,accel,-239591,0,405651
7320000,accel,-269680,0,377356
7330000,accel,-295515,0,358880
7340000,accel,-316689,0,350515
7350000,accel,-332870,0,352393
7360000,accel,-343801,0,364484
7370000,accel,-349309,0,386598
7380000,accel,-349309,0,418385
7390000,accel,-343801,0,459345
7400000,accel,-332870,0,508831
7410000,accel,-316689,0,566063
7420000,accel,-295515,0,630139
7430000,accel,-269680,0,700048
7440000,accel,-239591,0,774687
7450000,accel,-205725,0,852879
7460000,accel,-168614,0,933391
7470000,accel,-128844,0,1014954
7480000,accel,-87041,0,1096282
7490000,accel,-43867,0,1176090
7500000,accel,0,0,1253122
7510000,accel,43867,0,1326162
7520000,accel,87041,0,1394058
7530000,accel,128844,0,1455739
7540000,accel,168614,0,1510233
7550000,accel,205725,0,1556681
7560000,accel,239591,0,1594349
7570000,accel,269680,0,1622644
7580000,accel,295515,0,1641120
7590000,accel,316689,0,1649485
7600000,accel,332870,0,1647607
7610000,accel,343801,0,1635516
7620000,accel,349309,0,1613402
7630000,accel,349309,0,1581615
7640000,accel,343801,0,1540655
7650000,accel,332870,0,1491169
7660000,accel,316689,0,1433937
7670000,accel,295515,0,1369861
7680000,accel,269680,0,1299952
7690000,accel,239591,0,1225313
7700000,accel,205725,0,1147121
7710000,accel,168614,0,1066609
7720000,accel,128844,0,985046
7730000,accel,87041,0,903718
7740000,accel,43867,0,823910
7750000,accel,0,0,746878
7760000,accel,-43867,0,673838
7770000,accel,-87041,0,605942
7780000,accel,-128844,0,544261
7790000,accel,-168614,0,489767
7800000,accel,-205725,0,443319
7810000,accel,-239591,0,405651
7820000,accel,-269680,0,377356
7830000,accel,-295515,0,358880
7840000,accel,-316689,0,350515
7850000,accel,-332870,0,352393
7860000,accel,-343801,0,364484
7870000,accel,-349309,0,386598
7880000,accel,-349309,0,418385
7890000,accel,-343801,0,459345
7900000,accel,-332870,0,508831
7910000,accel,-316689,0,566063
7920000,accel,-295515,0,630139
7930000,accel,-269680,0,700048
7940000,accel,-239591,0,774687
7950000,accel,-205725,0,852879
7960000,accel,-168614,0,933391
7970000,accel,-128844,0,1014954
7980000,accel,-87041,0,1096282
7990000,accel,-43867,0,1176090
8000000,accel,0,0,1253122
8010000,accel,43867,0,1326162
8020000,accel,87041,0,1394058
8030000,accel,128844,0,1455739
8040000,accel,168614,0,1510233
8050000,accel,205725,0,1556681
8060000,accel,239591,0,1594349
8070000,accel,269680,0,1622644
8080000,accel,295515,0,1641120
8090000,accel,316689,0,1649485
8100000,accel,332870,0,1647607
8110000,accel,343801,0,1635516
8120000,accel,349309,0,1613402
8130000,accel,349309,0,1581615
8140000,accel,343801,0,1540655
8150000,accel,332870,0,1491169
8160000,accel,316689,0,1433937
8170000,accel,295515,0,1369861
8180000,accel,269680,0,1299952
8190000,accel,239591,0,1225313
8200000,accel,205725,0,1147121
8210000,accel,168614,0,1066609
8220000,accel,128844,0,985046
8230000,accel,87041,0,903718
8240000,accel,43867,0,823910
8250000,accel,0,0,746878
8260000,accel,-43867,0,673838
8270000,accel,-87041,0,605942
8280000,accel,-128844,0,544261
8290000,accel,-168614,0,489767
8300000,accel,-205725,0,443319
8310000,accel,-239591,0,405651
8320000,accel,-269680,0,377356
8330000,accel,-295515,0,358880
8340000,accel,-316689,0,350515
8350000,accel,-332870,0,352393
8360000,accel,-343801,0,364484
8370000,accel,-349309,0,386598
8380000,accel,-349309,0,418385
8390000,accel,-343801,0,459345
8400000,accel,-332870,0,508831
8410000,accel,-316689,0,566063
8420000,accel,-295515,0,630139
8430000,accel,-269680,0,700048
8440000,accel,-239591,0,774687
8450000,accel,-205725,0,852879
8460000,accel,-168614,0,933391
8470000,accel,-128844,0,1014954
8480000,accel,-87041,0,1096282
8490000,accel,-43867,0,1176090
8500000,accel,0,0,1253122
8510000,accel,43867,0,1326162
8520000,accel,87041,0,1394058
8530000,accel,128844,0,1455739
8540000,accel,168614,0,1510233
8550000,accel,205725,0,1556681
8560000,accel,239591,0,1594349
8570000,accel,269680,0,1622644
8580000,accel,295515,0,1641120
8590000,accel,316689,0,1649485
8600000,accel,332870,0,1647607
8610000,accel,343801,0,1635516
8620000,accel,349309,0,1613402
8630000,accel,349309,0,1581615
8640000,accel,343801,0,1540655
8650000,accel,332870,0,1491169
8660000,accel,316689,0,1433937
8670000,accel,295515,0,1369861
8680000,accel,269680,0,1299952
8690000,accel,239591,0,1225313
8700000,accel,205725,0,1147121
8710000,accel,168614,0,1066609
8720000,accel,128844,0,985046
8730000,accel,87041,0,903718
8740000,accel,43867,0,823910
8750000,accel,0,0,746878
8760000,accel,-43867,0,673838
8770000,accel,-87041,0,605942
8780000,accel,-128844,0,544261
8790000,accel,-168614,0,489767
8800000,accel,-205725,0,443319
8810000,accel,-239591,0,405651
8820000,accel,-269680,0,377356
8830000,accel,-295515,0,358880
8840000,accel,-316689,0,350515
8850000,accel,-332870,0,352393
8860000,accel,-343801,0,364484
8870000,accel,-349309,0,386598
8880000,accel,-349309,0,418385
8890000,accel,-343801,0,459345
8900000,accel,-332870,0,508831
8910000,accel,-316689,0,566063
8920000,accel,-295515,0,630139
8930000,accel,-269680,0,700048
8940000,accel,-239591,0,774687
8950000,accel,-205725,0,852879
8960000,accel,-168614,0,933391
8970000,accel,-128844,0,1014954
8980000,accel,-87041,0,1096282
8990000,accel,-43867,0,1176090
9000000,accel,0,0,1253122
9010000,accel,43867,0,1326162
9020000,accel,87041,0,1394058
9030000,accel,128844,0,1455739
9040000,accel,168614,0,1510233
9050000,accel,205725,0,1556681
9060000,accel,239591,0,1594349
9070000,accel,269680,0,1622644
9080000,accel,295515,0,1641120
9090000,accel,316689,0,1649485
9100000,accel,332870,0,1647607
9110000,accel,343801,0,1635516
9120000,accel,349309,0,1613402
9130000,accel,349309,0,1581615
9140000,accel,343801,0,1540655
9150000,accel,332870,0,1491169
9160000,accel,316689,0,1433937
9170000,accel,295515,0,1369861
9180000,accel,269680,0,1299952
9190000,accel,239591,0,1225313
9200000,accel,205725,0,1147121
9210000,accel,168614,0,1066609
9220000,accel,128844,0,985046
9230000,accel,87041,0,903718
9240000,accel,43867,0,823910
9250000,accel,0,0,746878
9260000,accel,-43867,0,673838
9270000,accel,-87041,0,605942
9280000,accel,-128844,0,544261
9290000,accel,-168614,0,489767
9300000,accel,-205725,0,443319
9310000,accel,-239591,0,405651
9320000,accel,-269680,0,377356
9330000,accel,-295515,0,358880
9340000,accel,-316689,0,350515
9350000,accel,-332870,0,352393
9360000,accel,-343801,0,364484
9370000,accel,-349309,0,386598
9380000,accel,-349309,0,418385
9390000,accel,-343801,0,459345
9400000,accel,-332870,0,508831
9410000,accel,-316689,0,566063
9420000,accel,-295515,0,630139
9430000,accel,-269680,0,700048
9440000,accel,-239591,0,774687
9450000,accel,-205725,0,852879
9460000,accel,-168614,0,933391
9470000,accel,-128844,0,1014954
9480000,accel,-87041,0,1096282
9490000,accel,-43867,0,1176090
9500000,accel,0,0,1253122
9510000,accel,43867,0,1326162
9520000,accel,87041,0,1394058
9530000,accel,128844,0,1455739
9540000,accel,168614,0,1510233
9550000,accel,205725,0,1556681
9560000,accel,239591,0,1594349
9570000,accel,269680,0,1622644
9580000,accel,295515,0,1641120
9590000,accel,316689,0,1649485
9600000,accel,332870,0,1647607
9610000,accel,343801,0,1635516
9620000,accel,349309,0,1613402
9630000,accel,349309,0,1581615
9640000,accel,343801,0,1540655
9650000,accel,332870,0,1491169
9660000,accel,316689,0,1433937
9670000,accel,295515,0,1369861
9680000,accel,269680,0,1299952
9690000,accel,239591,0,1225313
9700000,accel,205725,0,1147121
9710000,accel,168614,0,1066609
9720000,accel,128844,0,985046
9730000,accel,87041,0,903718
9740000,accel,43867,0,823910
9750000,accel,0,0,746878
9760000,accel,-43867,0,673838
9770000,accel,-87041,0,605942
9780000,accel,-128844,0,544261
9790000,accel,-168614,0,489767
9800000,accel,-205725,0,443319
9810000,accel,-239591,0,405651
9820000,accel,-269680,0,377356
9830000,accel,-295515,0,358880
9840000,accel,-316689,0,350515
9850000,accel,-332870,0,352393
9860000,accel,-343801,0,364484
9870000,accel,-349309,0,386598
9880000,accel,-349309,0,418385
9890000,accel,-343801,0,459345
9900000,accel,-332870,0,508831
9910000,accel,-316689,0,566063
9920000,accel,-295515,0,630139
9930000,accel,-269680,0,700048
9940000,accel,-239591,0,774687
9950000,accel,-205725,0,852879
9960000,accel,-168614,0,933391
9970000,accel,-128844,0,1014954
9980000,accel,-87041,0,1096282
9990000,accel,-43867,0,1176090
10000000,accel,0,0,1253122
10010000,accel,43867,0,1326162
10020000,accel,87041,0,1394058
10030000,accel,128844,0,1455739
10040000,accel,168614,0,1510233
10050000,accel,205725,0,1556681
10060000,accel,239591,0,1594349
10070000,accel,269680,0,1622644
10080000,accel,295515,0,1641120
10090000,accel,316689,0,1649485
10100000,accel,332870,0,1647607
10110000,accel,343801,0,1635516
10120000,accel,349309,0,1613402
10130000,accel,349309,0,1581615
10140000,accel,343801,0,1540655
10150000,accel,332870,0,1491169
10160000,accel,316689,0,1433937
10170000,accel,295515,0,1369861
10180000,accel,269680,0,1299952
10190000,accel,239591,0,1225313
10200000,accel,205725,0,1147121
10210000,accel,168614,0,1066609
10220000,accel,128844,0,985046
10230000,accel,87041,0,903718
10240000,accel,43867,0,823910
10250000,accel,0,0,746878
10260000,accel,-43867,0,673838
10270000,accel,-87041,0,605942
10280000,accel,-128844,0,544261
10290000,accel,-168614,0,489767
10300000,accel,-205725,0,443319
10310000,accel,-239591,0,405651
10320000,accel,-269680,0,377356
10330000,accel,-295515,0,358880
10340000,accel,-316689,0,350515
10350000,accel,-332870,0,352393
10360000,accel,-343801,0,364484
10370000,accel,-349309,0,386598
10380000,accel,-349309,0,418385
10390000,accel,-343801,0,459345
10400000,accel,-332870,0,508831
10410000,accel,-316689,0,566063
10420000,accel,-295515,0,630139
10430000,accel,-269680,0,700048
10440000,accel,-239591,0,774687
10450000,accel,-205725,0,852879
10460000,accel,-168614,0,933391
10470000,accel,-128844,0,1014954
10480000,accel,-87041,0,1096282
10490000,accel,-43867,0,1176090
10500000,accel,0,0,1253122
10510000,accel,43867,0,1326162
10520000,accel,87041,0,1394058
10530000,accel,128844,0,1455739
10540000,accel,168614,0,1510233
10550000,accel,205725,0,1556681
10560000,accel,239591,0,1594349
10570000,accel,269680,0,1622644
10580000,accel,295515,0,1641120
10590000,accel,316689,0,1649485
10600000,accel,332870,0,1647607
10610000,accel,343801,0,1635516
10620000,accel,349309,0,1613402
10630000,accel,349309,0,1581615
10640000,accel,343801,0,1540655
10650000,accel,332870,0,1491169
10660000,accel,316689,0,1433937
10670000,accel,295515,0,1369861
10680000,accel,269680,0,1299952
10690000,accel,239591,0,1225313
10700000,accel,205725,0,1147121
10710000,accel,168614,0,1066609
10720000,accel,128844,0,985046
10730000,accel,87041,0,903718
10740000,accel,43867,0,823910
10750000,accel,0,0,746878
10760000,accel,-43867,0,673838
10770000,accel,-87041,0,605942
10780000,accel,-128844,0,544261
10790000,accel,-168614,0,489767
10800000,accel,-205725,0,443319
10810000,accel,-239591,0,405651
10820000,accel,-269680,0,377356
10830000,accel,-295515,0,358880
10840000,accel,-316689,0,350515
10850000,accel,-332870,0,352393
10860000,accel,-343801,0,364484
10870000,accel,-349309,0,386598
10880000,accel,-349309,0,418385
10890000,accel,-343801,0,459345
10900000,accel,-332870,0,508831
10910000,accel,-316689,0,566063
10920000,accel,-295515,0,630139
10930000,accel,-269680,0,700048
10940000,accel,-239591,0,774687
10950000,accel,-205725,0,852879
10960000,accel,-168614,0,933391
10970000,accel,-128844,0,1014954
10980000,accel,-87041,0,1096282
10990000,accel,-43867,0,1176090
11000000,accel,0,0,1253122
11010000,accel,43867,0,1326162
11020000,accel,87041,0,1394058
11030000,accel,128844,0,1455739
11040000,accel,168614,0,1510233
11050000,accel,205725,0,1556681
11060000,accel,239591,0,1594349
11070000,accel,269680,0,1622644
11080000,accel,295515,0,1641120
11090000,accel,316689,0,1649485
11100000,accel,332870,0,1647607
11110000,accel,343801,0,1635516
11120000,accel,349309,0,1613402
11130000,accel,349309,0,1581615
11140000,accel,343801,0,1540655
11150000,accel,332870,0,1491169
11160000,accel,316689,0,1433937
11170000,accel,295515,0,1369861
11180000,accel,269680,0,1299952
11190000,accel,239591,0,1225313
11200000,accel,205725,0,1147121
11210000,accel,168614,0,1066609
11220000,accel,128844,0,985046
11230000,accel,87041,0,903718
11240000,accel,43867,0,823910
11250000,accel,0,0,746878
11260000,accel,-43867,0,673838
11270000,accel,-87041,0,605942
11280000,accel,-128844,0,544261
11290000,accel,-168614,0,489767
11300000,accel,-205725,0,443319
11310000,accel,-239591,0,405651
11320000,accel,-269680,0,377356
11330000,accel,-295515,0,358880
11340000,accel,-316689,0,350515
11350000,accel,-332870,0,352393
11360000,accel,-343801,0,364484
11370000,accel,-349309,0,386598
11380000,accel,-349309,0,418385
11390000,accel,-343801,0,459345
11400000,accel,-332870,0,508831
11410000,accel,-316689,0,566063
11420000,accel,-295515,0,630139
11430000,accel,-269680,0,700048
11440000,accel,-239591,0,774687
11450000,accel,-205725,0,852879
11460000,accel,-168614,0,933391
11470000,accel,-128844,0,1014954
11480000,accel,-87041,0,1096282
11490000,accel,-43867,0,1176090
11500000,accel,0,0,1253122
11510000,accel,43867,0,1326162
11520000,accel,87041,0,1394058
11530000,accel,128844,0,1455739
11540000,accel,168614,0,1510233
11550000,accel,205725,0,1556681
11560000,accel,239591,0,1594349
11570000,accel,269680,0,1622644
11580000,accel,295515,0,1641120
11590000,accel,316689,0,1649485
11600000,accel,332870,0,1647607
11610000,accel,343801,0,1635516
11620000,accel,349309,0,1613402
11630000,accel,349309,0,1581615
11640000,accel,343801,0,1540655
11650000,accel,332870,0,1491169
11660000,accel,316689,0,1433937
11670000,accel,295515,0,1369861
11680000,accel,269680,0,1299952
11690000,accel,239591,0,1225313
11700000,accel,205725,0,1147121
11710000,accel,168614,0,1066609
11720000,accel,128844,0,985046
11730000,accel,87041,0,903718
11740000,accel,43867,0,823910
11750000,accel,0,0,746878
11760000,accel,-43867,0,673838
11770000,accel,-87041,0,605942
11780000,accel,-128844,0,544261
11790000,accel,-168614,0,489767
11800000,accel,-205725,0,443319
11810000,accel,-239591,0,405651
11820000,accel,-269680,0,377356
11830000,accel,-295515,0,358880
11840000,accel,-316689,0,350515
11850000,accel,-332870,0,352393
11860000,accel,-343801,0,364484
11870000,accel,-349309,0,386598
11880000,accel,-349309,0,418385
11890000,accel,-343801,0,459345
11900000,accel,-332870,0,508831
11910000,accel,-316689,0,566063
11920000,accel,-295515,0,630139
11930000,accel,-269680,0,700048
11940000,accel,-239591,0,774687
11950000,accel,-205725,0,852879
11960000,accel,-168614,0,933391
11970000,accel,-128844,0,1014954
11980000,accel,-87041,0,1096282
11990000,accel,-43867,0,1176090
12000000,accel,0,0,1253122
12010000,accel,43867,0,1326162
12020000,accel,87041,0,1394058
12030000,accel,128844,0,1455739
12040000,accel,168614,0,1510233
12050000,accel,205725,0,1556681
12060000,accel,239591,0,1594349
12070000,accel,269680,0,1622644
12080000,accel,295515,0,1641120
12090000,accel,316689,0,1649485
12100000,accel,332870,0,1647607
12110000,accel,343801,0,1635516
12120000,accel,349309,0,1613402
12130000,accel,349309,0,1581615
12140000,accel,343801,0,1540655
12150000,accel,332870,0,1491169
12160000,accel,316689,0,1433937
12170000,accel,295515,0,1369861
12180000,accel,269680,0,1299952
12190000,accel,239591,0,1225313
12200000,accel,205725,0,1147121
12210000,accel,168614,0,1066609
12220000,accel,128844,0,985046
12230000,accel,87041,0,903718
12240000,accel,43867,0,823910
12250000,accel,0,0,746878
12260000,accel,-43867,0,673838
12270000,accel,-87041,0,605942
12280000,accel,-128844,0,544261
12290000,accel,-168614,0,489767
12300000,accel,-205725,0,443319
12310000,accel,-239591,0,405651
12320000,accel,-269680,0,377356
12330000,accel,-295515,0,358880
12340000,accel,-316689,0,350515
12350000,accel,-332870,0,352393
12360000,accel,-343801,0,364484
12370000,accel,-349309,0,386598
12380000,accel,-349309,0,418385
12390000,accel,-343801,0,459345
12400000,accel,-332870,0,508831
12410000,accel,-316689,0,566063
12420000,accel,-295515,0,630139
12430000,accel,-269680,0,700048
12440000,accel,-239591,0,774687
12450000,accel,-205725,0,852879
12460000,accel,-168614,0,933391
12470000,accel,-128844,0,1014954
12480000,accel,-87041,0,1096282
12490000,accel,-43867,0,1176090
12500000,accel,0,0,1253122
12510000,accel,43867,0,1326162
12520000,accel,87041,0,1394058
12530000,accel,128844,0,1455739
12540000,accel,168614,0,1510233
12550000,accel,205725,0,1556681
12560000,accel,239591,0,1594349
12570000,accel,269680,0,1622644
12580000,accel,295515,0,1641120
12590000,accel,316689,0,1649485
12600000,accel,332870,0,1647607
12610000,accel,343801,0,1635516
12620000,accel,349309,0,1613402
12630000,accel,349309,0,1581615
12640000,accel,343801,0,1540655
12650000,accel,332870,0,1491169
12660000,accel,316689,0,1433937
12670000,accel,295515,0,1369861
12680000,accel,269680,0,1299952
12690000,accel,239591,0,1225313
12700000,accel,205725,0,1147121
12710000,accel,168614,0,1066609
12720000,accel,128844,0,985046
12730000,accel,87041,0,903718
12740000,accel,43867,0,823910
12750000,accel,0,0,746878
12760000,accel,-43867,0,673838
12770000,accel,-87041,0,605942
12780000,accel,-128844,0,544261
12790000,accel,-168614,0,489767
12800000,accel,-205725,0,443319
12810000,accel,-239591,0,405651
12820000,accel,-269680,0,377356
12830000,accel,-295515,0,358880
12840000,accel,-316689,0,350515
12850000,accel,-332870,0,352393
12860000,accel,-343801,0,364484
12870000,accel,-349309,0,386598
12880000,accel,-349309,0,418385
12890000,accel,-343801,0,459345
12900000,accel,-332870,0,508831
12910000,accel,-316689,0,566063
12920000,accel,-295515,0,630139
12930000,accel,-269680,0,700048
12940000,accel,-239591,0,774687
12950000,accel,-205725,0,852879
12960000,accel,-168614,0,933391
12970000,accel,-128844,0,1014954
12980000,accel,-87041,0,1096282
12990000,accel,-43867,0,1176090
13000000,accel,0,0,1253122
13010000,accel,43867,0,1326162
13020000,accel,87041,0,1394058
13030000,accel,128844,0,1455739
13040000,accel,168614,0,1510233
13050000,accel,205725,0,1556681
13060000,accel,239591,0,1594349
13070000,accel,269680,0,1622644
13080000,accel,295515,0,1641120
13090000,accel,316689,0,1649485
13100000,accel,332870,0,1647607
13110000,accel,343801,0,1635516
13120000,accel,349309,0,1613402
13130000,accel,349309,0,1581615
13140000,accel,343801,0,1540655
13150000,accel,332870,0,1491169
13160000,accel,316689,0,1433937
13170000,accel,295515,0,1369861
13180000,accel,269680,0,1299952
13190000,accel,239591,0,1225313
13200000,accel,205725,0,1147121
13210000,accel,168614,0,1066609
13220000,accel,128844,0,985046
13230000,accel,87041,0,903718
13240000,accel,43867,0,823910
13250000,accel,0,0,746878
13260000,accel,-43867,0,673838
13270000,accel,-87041,0,605942
13280000,accel,-128844,0,544261
13290000,accel,-168614,0,489767
13300000,accel,-205725,0,443319
13310000,accel,-239591,0,405651
13320000,accel,-269680,0,377356
13330000,accel,-295515,0,358880
13340000,accel,-316689,0,350515
13350000,accel,-332870,0,352393
13360000,accel,-343801,0,364484
13370000,accel,-349309,0,386598
13380000,accel,-349309,0,418385
13390000,accel,-343801,0,459345
13400000,accel,-332870,0,508831
13410000,accel,-316689,0,566063
13420000,accel,-295515,0,630139
13430000,accel,-269680,0,700048
13440000,accel,-239591,0,774687
13450000,accel,-205725,0,852879
13460000,accel,-168614,0,933391
13470000,accel,-128844,0,1014954
13480000,accel,-87041,0,1096282
13490000,accel,-43867,0,1176090
13500000,accel,0,0,1253122
13510000,accel,43867,0,1326162
13520000,accel,87041,0,1394058
13530000,accel,128844,0,1455739
13540000,accel,168614,0,1510233
13550000,accel,205725,0,1556681
13560000,accel,239591,0,1594349
13570000,accel,269680,0,1622644
13580000,accel,295515,0,1641120
13590000,accel,316689,0,1649485
13600000,accel,332870,0,1647607
13610000,accel,343801,0,1635516
13620000,accel,349309,0,1613402
13630000,accel,349309,0,1581615
13640000,accel,343801,0,1540655
13650000,accel,332870,0,1491169
13660000,accel,316689,0,1433937
13670000,accel,295515,0,1369861
13680000,accel,269680,0,1299952
13690000,accel,239591,0,1225313
13700000,accel,205725,0,1147121
13710000,accel,168614,0,1066609
13720000,accel,128844,0,985046
13730000,accel,87041,0,903718
13740000,accel,43867,0,823910
13750000,accel,0,0,746878
13760000,accel,-43867,0,673838
13770000,accel,-87041,0,605942
13780000,accel,-128844,0,544261
13790000,accel,-168614,0,489767
13800000,accel,-205725,0,443319
13810000,accel,-239591,0,405651
13820000,accel,-269680,0,377356
13830000,accel,-295515,0,358880
13840000,accel,-316689,0,350515
13850000,accel,-332870,0,352393
13860000,accel,-343801,0,364484
13870000,accel,-349309,0,386598
13880000,accel,-349309,0,418385
13890000,accel,-343801,0,459345
13900000,accel,-332870,0,508831
13910000,accel,-316689,0,566063
13920000,accel,-295515,0,630139
13930000,accel,-269680,0,700048
13940000,accel,-239591,0,774687
13950000,accel,-205725,0,852879
13960000,accel,-168614,0,933391
13970000,accel,-128844,0,1014954
13980000,accel,-87041,0,1096282
13990000,accel,-43867,0,1176090
14000000,accel,0,0,1253122
14010000,accel,43867,0,1326162
14020000,accel,87041,0,1394058
14030000,accel,128844,0,1455739
14040000,accel,168614,0,1510233
14050000,accel,205725,0,1556681
14060000,accel,239591,0,1594349
14070000,accel,269680,0,1622644
14080000,accel,295515,0,1641120
14090000,accel,316689,0,1649485
14100000,accel,332870,0,1647607
14110000,accel,343801,0,1635516
14120000,accel,349309,0,1613402
14130000,accel,349309,0,1581615
14140000,accel,343801,0,1540655
14150000,accel,332870,0,1491169
14160000,accel,316689,0,1433937
14170000,accel,295515,0,1369861
14180000,accel,269680,0,1299952
14190000,accel,239591,0,1225313
14200000,accel,205725,0,1147121
14210000,accel,168614,0,1066609
14220000,accel,128844,0,985046
14230000,accel,87041,0,903718
14240000,accel,43867,0,823910
14250000,accel,0,0,746878
14260000,accel,-43867,0,673838
14270000,accel,-87041,0,605942
14280000,accel,-128844,0,544261
14290000,accel,-168614,0,489767
14300000,accel,-205725,0,443319
14310000,accel,-239591,0,405651
14320000,accel,-269680,0,377356
14330000,accel,-295515,0,358880
14340000,accel,-316689,0,350515
14350000,accel,-332870,0,352393
14360000,accel,-343801,0,364484
14370000,accel,-349309,0,386598
14380000,accel,-349309,0,418385
14390000,accel,-343801,0,459345
14400000,accel,-332870,0,508831
14410000,accel,-316689,0,566063
14420000,accel,-295515,0,630139
14430000,accel,-269680,0,700048
14440000,accel,-239591,0,774687
14450000,accel,-205725,0,852879
14460000,accel,-168614,0,933391
14470000,accel,-128844,0,1014954
14480000,accel,-87041,0,1096282
14490000,accel,-43867,0,1176090
14500000,accel,0,0,1253122
14510000,accel,43867,0,1326162
14520000,accel,87041,0,1394058
14530000,accel,128844,0,1455739
14540000,accel,168614,0,1510233
14550000,accel,205725,0,1556681
14560000,accel,239591,0,1594349
14570000,accel,269680,0,1622644
14580000,accel,295515,0,1641120
14590000,accel,316689,0,1649485
14600000,accel,332870,0,1647607
14610000,accel,343801,0,1635516
14620000,accel,349309,0,1613402
14630000,accel,349309,0,1581615
14640000,accel,343801,0,1540655
14650000,accel,332870,0,1491169
14660000,accel,316689,0,1433937
14670000,accel,295515,0,1369861
14680000,accel,269680,0,1299952
14690000,accel,239591,0,1225313
14700000,accel,205725,0,1147121
14710000,accel,168614,0,1066609
14720000,accel,128844,0,985046
14730000,accel,87041,0,903718
14740000,accel,43867,0,823910
14750000,accel,0,0,746878
14760000,accel,-43867,0,673838
14770000,accel,-87041,0,605942
14780000,accel,-128844,0,544261
14790000,accel,-168614,0,489767
14800000,accel,-205725,0,443319
14810000,accel,-239591,0,405651
14820000,accel,-269680,0,377356
14830000,accel,-295515,0,358880
14840000,accel,-316689,0,350515
14850000,accel,-332870,0,352393
14860000,accel,-343801,0,364484
14870000,accel,-349309,0,386598
14880000,accel,-349309,0,418385
14890000,accel,-343801,0,459345
14900000,accel,-332870,0,508831
14910000,accel,-316689,0,566063
14920000,accel,-295515,0,630139
14930000,accel,-269680,0,700048
14940000,accel,-239591,0,774687
14950000,accel,-205725,0,852879
14960000,accel,-168614,0,933391
14970000,accel,-128844,0,1014954
14980000,accel,-87041,0,1096282
14990000,accel,-43867,0,1176090
15000000,accel,0,0,1253122
15010000,accel,43867,0,1326162
15020000,accel,87041,0,1394058
15030000,accel,128844,0,1455739
15040000,accel,168614,0,1510233
15050000,accel,205725,0,1556681
15060000,accel,239591,0,1594349
15070000,accel,269680,0,1622644
15080000,accel,295515,0,1641120
15090000,accel,316689,0,1649485
15100000,accel,332870,0,1647607
15110000,accel,343801,0,1635516
15120000,accel,349309,0,1613402
15130000,accel,349309,0,1581615
15140000,accel,343801,0,1540655
15150000,accel,332870,0,1491169
15160000,accel,316689,0,1433937
15170000,accel,295515,0,1369861
15180000,accel,269680,0,1299952
15190000,accel,239591,0,1225313
15200000,accel,205725,0,1147121
15210000,accel,168614,0,1066609
15220000,accel,128844,0,985046
15230000,accel,87041,0,903718
15240000,accel,43867,0,823910
15250000,accel,0,0,746878
15260000,accel,-43867,0,673838
15270000,accel,-87041,0,605942
15280000,accel,-128844,0,544261
15290000,accel,-168614,0,489767
15300000,accel,-205725,0,443319
15310000,accel,-239591,0,405651
15320000,accel,-269680,0,377356
15330000,accel,-295515,0,358880
15340000,accel,-316689,0,350515
15350000,accel,-332870,0,352393
15360000,accel,-343801,0,364484
15370000,accel,-349309,0,386598
15380000,accel,-349309,0,418385
15390000,accel,-343801,0,459345
15400000,accel,-332870,0,508831
15410000,accel,-316689,0,566063
15420000,accel,-295515,0,630139
15430000,accel,-269680,0,700048
15440000,accel,-239591,0,774687
15450000,accel,-205725,0,852879
15460000,accel,-168614,0,933391
15470000,accel,-128844,0,1014954
15480000,accel,-87041,0,1096282
15490000,accel,-43867,0,1176090
15500000,accel,0,0,1253122
15510000,accel,43867,0,1326162
15520000,accel,87041,0,1394058
15530000,accel,128844,0,1455739
15540000,accel,168614,0,1510233
15550000,accel,205725,0,1556681
15560000,accel,239591,0,1594349
15570000,accel,269680,0,1622644
15580000,accel,295515,0,1641120
15590000,accel,316689,0,1649485
15600000,accel,332870,0,1647607
15610000,accel,343801,0,1635516
15620000,accel,349309,0,1613402
15630000,accel,349309,0,1581615
15640000,accel,343801,0,1540655
15650000,accel,332870,0,1491169
15660000,accel,316689,0,1433937
15670000,accel,295515,0,1369861
15680000,accel,269680,0,1299952
15690000,accel,239591,0,1225313
15700000,accel,205725,0,1147121
15710000,accel,168614,0,1066609
15720000,accel,128844,0,985046
15730000,accel,87041,0,903718
15740000,accel,43867,0,823910
15750000,accel,0,0,746878
15760000,accel,-43867,0,673838
15770000,accel,-87041,0,605942
15780000,accel,-128844,0,544261
15790000,accel,-168614,0,489767
15800000,accel,-205725,0,443319
15810000,accel,-239591,0,405651
15820000,accel,-269680,0,377356
15830000,accel,-295515,0,358880
15840000,accel,-316689,0,350515
15850000,accel,-332870,0,352393
15860000,accel,-343801,0,364484
15870000,accel,-349309,0,386598
15880000,accel,-349309,0,418385
15890000,accel,-343801,0,459345
15900000,accel,-332870,0,508831
15910000,accel,-316689,0,566063
15920000,accel,-295515,0,630139
15930000,accel,-269680,0,700048
15940000,accel,-239591,0,774687
15950000,accel,-205725,0,852879
15960000,accel,-168614,0,933391
15970000,accel,-128844,0,1014954
15980000,accel,-87041,0,1096282
15990000,accel,-43867,0,1176090
16000000,accel,0,0,1253122
16010000,accel,43867,0,1326162
16020000,accel,87041,0,1394058
16030000,accel,128844,0,1455739
16040000,accel,168614,0,1510233
16050000,accel,205725,0,1556681
16060000,accel,239591,0,1594349
16070000,accel,269680,0,1622644
16080000,accel,295515,0,1641120
16090000,accel,316689,0,1649485
16100000,accel,332870,0,1647607
16110000,accel,343801,0,1635516
16120000,accel,349309,0,1613402
16130000,accel,349309,0,1581615
16140000,accel,343801,0,1540655
16150000,accel,332870,0,1491169
16160000,accel,316689,0,1433937
16170000,accel,295515,0,1369861
16180000,accel,269680,0,1299952
16190000,accel,239591,0,1225313
16200000,accel,205725,0,1147121
16210000,accel,168614,0,1066609
16220000,accel,128844,0,985046
16230000,accel,87041,0,903718
16240000,accel,43867,0,823910
16250000,accel,0,0,746878
16260000,accel,-43867,0,673838
16270000,accel,-87041,0,605942
16280000,accel,-128844,0,544261
16290000,accel,-168614,0,489767
16300000,accel,-205725,0,443319
16310000,accel,-239591,0,405651
16320000,accel,-269680,0,377356
16330000,accel,-295515,0,358880
16340000,accel,-316689,0,350515
16350000,accel,-332870,0,352393
16360000,accel,-343801,0,364484
16370000,accel,-349309,0,386598
16380000,accel,-349309,0,418385
16390000,accel,-343801,0,459345
16400000,accel,-332870,0,508831
16410000,accel,-316689,0,566063
16420000,accel,-295515,0,630139
16430000,accel,-269680,0,700048
16440000,accel,-239591,0,774687
16450000,accel,-205725,0,852879
16460000,accel,-168614,0,933391
16470000,accel,-128844,0,1014954
16480000,accel,-87041,0,1096282
16490000,accel,-43867,0,1176090
16500000,accel,0,0,1253122
16510000,accel,43867,0,1326162
16520000,accel,87041,0,1394058
16530000,accel,128844,0,1455739
16540000,accel,168614,0,1510233
16550000,accel,205725,0,1556681
16560000,accel,239591,0,1594349
16570000,accel,269680,0,1622644
16580000,accel,295515,0,1641120
16590000,accel,316689,0,1649485
16600000,accel,332870,0,1647607
16610000,accel,343801,0,1635516
16620000,accel,349309,0,1613402
16630000,accel,349309,0,1581615
16640000,accel,343801,0,1540655
16650000,accel,332870,0,1491169
16660000,accel,316689,0,1433937
16670000,accel,295515,0,1369861
16680000,accel,269680,0,1299952
16690000,accel,239591,0,1225313
16700000,accel,205725,0,1147121
16710000,accel,168614,0,1066609
16720000,accel,128844,0,985046
16730000,accel,87041,0,903718
16740000,accel,43867,0,823910
16750000,accel,0,0,746878
16760000,accel,-43867,0,673838
16770000,accel,-87041,0,605942
16780000,accel,-128844,0,544261
16790000,accel,-168614,0,489767
16800000,accel,-205725,0,443319
16810000,accel,-239591,0,405651
16820000,accel,-269680,0,377356
16830000,accel,-295515,0,358880
16840000,accel,-316689,0,350515
16850000,accel,-332870,0,352393
16860000,accel,-343801,0,364484
16870000,accel,-349309,0,386598
16880000,accel,-349309,0,418385
16890000,accel,-343801,0,459345
16900000,accel,-332870,0,508831
16910000,accel,-316689,0,566063
16920000,accel,-295515,0,630139
16930000,accel,-269680,0,700048
16940000,accel,-239591,0,774687
16950000,accel,-205725,0,852879
16960000,accel,-168614,0,933391
16970000,accel,-128844,0,1014954
16980000,accel,-87041,0,1096282
16990000,accel,-43867,0,1176090
17000000,accel,0,0,1253122
17010000,accel,43867,0,1326162
17020000,accel,87041,0,1394058
17030000,accel,128844,0,1455739
17040000,accel,168614,0,1510233
17050000,accel,205725,0,1556681
17060000,accel,239591,0,1594349
17070000,accel,269680,0,1622644
17080000,accel,295515,0,1641120
17090000,accel,316689,0,1649485
17100000,accel,332870,0,1647607
17110000,accel,343801,0,1635516
17120000,accel,349309,0,1613402
17130000,accel,349309,0,1581615
17140000,accel,343801,0,1540655
17150000,accel,332870,0,1491169
17160000,accel,316689,0,1433937
17170000,accel,295515,0,1369861
17180000,accel,269680,0,1299952
17190000,accel,239591,0,1225313
17200000,accel,205725,0,1147121
17210000,accel,168614,0,1066609
17220000,accel,128844,0,985046
17230000,accel,87041,0,903718
17240000,accel,43867,0,823910
17250000,accel,0,0,746878
17260000,accel,-43867,0,673838
17270000,accel,-87041,0,605942
17280000,accel,-128844,0,544261
17290000,accel,-168614,0,489767
17300000,accel,-205725,0,443319
17310000,accel,-239591,0,405651
17320000,accel,-269680,0,377356
17330000,accel,-295515,0,358880
17340000,accel,-316689,0,350515
17350000,accel,-332870,0,352393
17360000,accel,-343801,0,364484
17370000,accel,-349309,0,386598
17380000,accel,-349309,0,418385
17390000,accel,-343801,0,459345
17400000,accel,-332870,0,508831
17410000,accel,-316689,0,566063
17420000,accel,-295515,0,630139
17430000,accel,-269680,0,700048
17440000,accel,-239591,0,774687
17450000,accel,-205725,0,852879
17460000,accel,-168614,0,933391
17470000,accel,-128844,0,1014954
17480000,accel,-87041,0,1096282
17490000,accel,-43867,0,1176090
17500000,accel,0,0,1253122
17510000,accel,43867,0,1326162
17520000,accel,87041,0,1394058
17530000,accel,128844,0,1455739
17540000,accel,168614,0,1510233
17550000,accel,205725,0,1556681
17560000,accel,239591,0,1594349
17570000,accel,269680,0,1622644
17580000,accel,295515,0,1641120
17590000,accel,316689,0,1649485
17600000,accel,332870,0,1647607
17610000,accel,343801,0,1635516
17620000,accel,349309,0,1613402
17630000,accel,349309,0,1581615
17640000,accel,343801,0,1540655
17650000,accel,332870,0,1491169
17660000,accel,316689,0,1433937
17670000,accel,295515,0,1369861
17680000,accel,269680,0,1299952
17690000,accel,239591,0,1225313
17700000,accel,205725,0,1147121
17710000,accel,168614,0,1066609
17720000,accel,128844,0,985046
17730000,accel,87041,0,903718
17740000,accel,43867,0,823910
17750000,accel,0,0,746878
17760000,accel,-43867,0,673838
17770000,accel,-87041,0,605942
17780000,accel,-128844,0,544261
17790000,accel,-168614,0,489767
17800000,accel,-205725,0,443319
17810000,accel,-239591,0,405651
17820000,accel,-269680,0,377356
17830000,accel,-295515,0,358880
17840000,accel,-316689,0,350515
17850000,accel,-332870,0,352393
17860000,accel,-343801,0,364484
17870000,accel,-349309,0,386598
17880000,accel,-349309,0,418385
17890000,accel,-343801,0,459345
17900000,accel,-332870,0,508831
17910000,accel,-316689,0,566063
17920000,accel,-295515,0,630139
17930000,accel,-269680,0,700048
17940000,accel,-239591,0,774687
17950000,accel,-205725,0,852879
17960000,accel,-168614,0,933391
17970000,accel,-128844,0,1014954
17980000,accel,-87041,0,1096282
17990000,accel,-43867,0,1176090
18000000,accel,0,0,1253122
18010000,accel,43867,0,1326162
18020000,accel,87041,0,1394058
18030000,accel,128844,0,1455739
18040000,accel,168614,0,1510233
18050000,accel,205725,0,1556681
18060000,accel,239591,0,1594349
18070000,accel,269680,0,1622644
18080000,accel,295515,0,1641120
18090000,accel,316689,0,1649485
18100000,accel,332870,0,1647607
18110000,accel,343801,0,1635516
18120000,accel,349309,0,1613402
18130000,accel,349309,0,1581615
18140000,accel,343801,0,1540655
18150000,accel,332870,0,1491169
18160000,accel,316689,0,1433937
18170000,accel,295515,0,1369861
18180000,accel,269680,0,1299952
18190000,accel,239591,0,1225313
18200000,accel,205725,0,1147121
18210000,accel,168614,0,1066609
18220000,accel,128844,0,985046
18230000,accel,87041,0,903718
18240000,accel,43867,0,823910
18250000,accel,0,0,746878
18260000,accel,-43867,0,673838
18270000,accel,-87041,0,605942
18280000,accel,-128844,0,544261
18290000,accel,-168614,0,489767
18300000,accel,-205725,0,443319
18310000,accel,-239591,0,405651
18320000,accel,-269680,0,377356
18330000,accel,-295515,0,358880
18340000,accel,-316689,0,350515
18350000,accel,-332870,0,352393
18360000,accel,-343801,0,364484
18370000,accel,-349309,0,386598
18380000,accel,-349309,0,418385
18390000,accel,-343801,0,459345
18400000,accel,-332870,0,508831
18410000,accel,-316689,0,566063
18420000,accel,-295515,0,630139
18430000,accel,-269680,0,700048
18440000,accel,-239591,0,774687
18450000,accel,-205725,0,852879
18460000,accel,-168614,0,933391
18470000,accel,-128844,0,1014954
18480000,accel,-87041,0,1096282
18490000,accel,-43867,0,1176090
18500000,accel,0,0,1253122
18510000,accel,43867,0,1326162
18520000,accel,87041,0,1394058
18530000,accel,128844,0,1455739
18540000,accel,168614,0,1510233
18550000,accel,205725,0,1556681
18560000,accel,239591,0,1594349
18570000,accel,269680,0,1622644
18580000,accel,295515,0,1641120
18590000,accel,316689,0,1649485
18600000,accel,332870,0,1647607
18610000,accel,343801,0,1635516
18620000,accel,349309,0,1613402
18630000,accel,349309,0,1581615
18640000,accel,343801,0,1540655
18650000,accel,332870,0,1491169
18660000,accel,316689,0,1433937
18670000,accel,295515,0,1369861
18680000,accel,269680,0,1299952
18690000,accel,239591,0,1225313
18700000,accel,205725,0,1147121
18710000,accel,168614,0,1066609
18720000,accel,128844,0,985046
18730000,accel,87041,0,903718
18740000,accel,43867,0,823910
18750000,accel,0,0,746878
18760000,accel,-43867,0,673838
18770000,accel,-87041,0,605942
18780000,accel,-128844,0,544261
18790000,accel,-168614,0,489767
18800000,accel,-205725,0,443319
18810000,accel,-239591,0,405651
18820000,accel,-269680,0,377356
18830000,accel,-295515,0,358880
18840000,accel,-316689,0,350515
18850000,accel,-332870,0,352393
18860000,accel,-343801,0,364484
18870000,accel,-349309,0,386598
18880000,accel,-349309,0,418385
18890000,accel,-343801,0,459345
18900000,accel,-332870,0,508831
18910000,accel,-316689,0,566063
18920000,accel,-295515,0,630139
18930000,accel,-269680,0,700048
18940000,accel,-239591,0,774687
18950000,accel,-205725,0,852879
18960000,accel,-168614,0,933391
18970000,accel,-128844,0,1014954
18980000,accel,-87041,0,1096282
18990000,accel,-43867,0,1176090
19000000,accel,0,0,1253122
19010000,accel,43867,0,1326162
19020000,accel,87041,0,1394058
19030000,accel,128844,0,1455739
19040000,accel,168614,0,1510233
19050000,accel,205725,0,1556681
19060000,accel,239591,0,1594349
19070000,accel,269680,0,1622644
19080000,accel,295515,0,1641120
19090000,accel,316689,0,1649485
19100000,accel,332870,0,1647607
19110000,accel,343801,0,1635516
19120000,accel,349309,0,1613402
19130000,accel,349309,0,1581615
19140000,accel,343801,0,1540655
19150000,accel,332870,0,1491169
19160000,accel,316689,0,1433937
19170000,accel,295515,0,1369861
19180000,accel,269680,0,1299952
19190000,accel,239591,0,1225313
19200000,accel,205725,0,1147121
19210000,accel,168614,0,1066609
19220000,accel,128844,0,985046
19230000,accel,87041,0,903718
19240000,accel,43867,0,823910
19250000,accel,0,0,746878
19260000,accel,-43867,0,673838
19270000,accel,-87041,0,605942
19280000,accel,-128844,0,544261
19290000,accel,-168614,0,489767
19300000,accel,-205725,0,443319
19310000,accel,-239591,0,405651
19320000,accel,-269680,0,377356
19330000,accel,-295515,0,358880
19340000,accel,-316689,0,350515
19350000,accel,-332870,0,352393
19360000,accel,-343801,0,364484
19370000,accel,-349309,0,386598
19380000,accel,-349309,0,418385
19390000,accel,-343801,0,459345
19400000,accel,-332870,0,508831
19410000,accel,-316689,0,566063
19420000,accel,-295515,0,630139
19430000,accel,-269680,0,700048
19440000,accel,-239591,0,774687
19450000,accel,-205725,0,852879
19460000,accel,-168614,0,933391
19470000,accel,-128844,0,1014954
19480000,accel,-87041,0,1096282
19490000,accel,-43867,0,1176090
19500000,accel,0,0,1253122
19510000,accel,43867,0,1326162
19520000,accel,87041,0,1394058
19530000,accel,128844,0,1455739
19540000,accel,168614,0,1510233
19550000,accel,205725,0,1556681
19560000,accel,239591,0,1594349
19570000,accel,269680,0,1622644
19580000,accel,295515,0,1641120
19590000,accel,316689,0,1649485
19600000,accel,332870,0,1647607
19610000,accel,343801,0,1635516
19620000,accel,349309,0,1613402
19630000,accel,349309,0,1581615
19640000,accel,343801,0,1540655
19650000,accel,332870,0,1491169
19660000,accel,316689,0,1433937
19670000,accel,295515,0,1369861
19680000,accel,269680,0,1299952
19690000,accel,239591,0,1225313
19700000,accel,205725,0,1147121
19710000,accel,168614,0,1066609
19720000,accel,128844,0,985046
19730000,accel,87041,0,903718
19740000,accel,43867,0,823910
19750000,accel,0,0,746878
19760000,accel,-43867,0,673838
19770000,accel,-87041,0,605942
19780000,accel,-128844,0,544261
19790000,accel,-168614,0,489767
19800000,accel,-205725,0,443319
19810000,accel,-239591,0,405651
19820000,accel,-269680,0,377356
19830000,accel,-295515,0,358880
19840000,accel,-316689,0,350515
19850000,accel,-332870,0,352393
19860000,accel,-343801,0,364484
19870000,accel,-349309,0,386598
19880000,accel,-349309,0,418385
19890000,accel,-343801,0,459345
19900000,accel,-332870,0,508831
19910000,accel,-316689,0,566063
19920000,accel,-295515,0,630139
19930000,accel,-269680,0,700048
19940000,accel,-239591,0,774687
19950000,accel,-205725,0,852879
19960000,accel,-168614,0,933391
19970000,accel,-128844,0,1014954
19980000,accel,-87041,0,1096282
19990000,accel,-43867,0,1176090
20000000,accel,0,0,1253122
20010000,accel,43867,0,1326162
20020000,accel,87041,0,1394058
20030000,accel,128844,0,1455739
20040000,accel,168614,0,1510233
20050000,accel,205725,0,1556681
20060000,accel,239591,0,1594349
20070000,accel,269680,0,1622644
20080000,accel,295515,0,1641120
20090000,accel,316689,0,1649485
20100000,accel,332870,0,1647607
20110000,accel,343801,0,1635516
20120000,accel,349309,0,1613402
20130000,accel,349309,0,1581615
20140000,accel,343801,0,1540655
20150000,accel,332870,0,1491169
20160000,accel,316689,0,1433937
20170000,accel,295515,0,1369861
20180000,accel,269680,0,1299952
20190000,accel,239591,0,1225313
20200000,accel,205725,0,1147121
20210000,accel,168614,0,1066609
20220000,accel,128844,0,985046
20230000,accel,87041,0,903718
20240000,accel,43867,0,823910
20250000,accel,0,0,746878
20260000,accel,-43867,0,673838
20270000,accel,-87041,0,605942
20280000,accel,-128844,0,544261
20290000,accel,-168614,0,489767
20300000,accel,-205725,0,443319
20310000,accel,-239591,0,405651
20320000,accel,-269680,0,377356
20330000,accel,-295515,0,358880
20340000,accel,-316689,0,350515
20350000,accel,-332870,0,352393
20360000,accel,-343801,0,364484
20370000,accel,-349309,0,386598
20380000,accel,-349309,0,418385
20390000,accel,-343801,0,459345
20400000,accel,-332870,0,508831
20410000,accel,-316689,0,566063
20420000,accel,-295515,0,630139
20430000,accel,-269680,0,700048
20440000,accel,-239591,0,774687
20450000,accel,-205725,0,852879
20460000,accel,-168614,0,933391
20470000,accel,-128844,0,1014954
20480000,accel,-87041,0,1096282
20490000,accel,-43867,0,1176090
20500000,accel,0,0,1253122
20510000,accel,43867,0,1326162
20520000,accel,87041,0,1394058
20530000,accel,128844,0,1455739
20540000,accel,168614,0,1510233
20550000,accel,205725,0,1556681
20560000,accel,239591,0,1594349
20570000,accel,269680,0,1622644
20580000,accel,295515,0,1641120
20590000,accel,316689,0,1649485
20600000,accel,332870,0,1647607
20610000,accel,343801,0,1635516
20620000,accel,349309,0,1613402
20630000,accel,349309,0,1581615
20640000,accel,343801,0,1540655
20650000,accel,332870,0,1491169
20660000,accel,316689,0,1433937
20670000,accel,295515,0,1369861
20680000,accel,269680,0,1299952
20690000,accel,239591,0,1225313
20700000,accel,205725,0,1147121
20710000,accel,168614,0,1066609
20720000,accel,128844,0,985046
20730000,accel,87041,0,903718
20740000,accel,43867,0,823910
20750000,accel,0,0,746878
20760000,accel,-43867,0,673838
20770000,accel,-87041,0,605942
20780000,accel,-128844,0,544261
20790000,accel,-168614,0,489767
20800000,accel,-205725,0,443319
20810000,accel,-239591,0,405651
20820000,accel,-269680,0,377356
20830000,accel,-295515,0,358880
20840000,accel,-316689,0,350515
20850000,accel,-332870,0,352393
20860000,accel,-343801,0,364484
20870000,accel,-349309,0,386598
20880000,accel,-349309,0,418385
20890000,accel,-343801,0,459345
20900000,accel,-332870,0,508831
20910000,accel,-316689,0,566063
20920000,accel,-295515,0,630139
20930000,accel,-269680,0,700048
20940000,accel,-239591,0,774687
20950000,accel,-205725,0,852879
20960000,accel,-168614,0,933391
20970000,accel,-128844,0,1014954
20980000,accel,-87041,0,1096282
20990000,accel,-43867,0,1176090
21000000,accel,0,0,1253122
21010000,accel,43867,0,1326162
21020000,accel,87041,0,1394058
21030000,accel,128844,0,1455739
21040000,accel,168614,0,1510233
21050000,accel,205725,0,1556681
21060000,accel,239591,0,1594349
21070000,accel,269680,0,1622644
21080000,accel,295515,0,1641120
21090000,accel,316689,0,1649485
21100000,accel,332870,0,1647607
21110000,accel,343801,0,1635516
21120000,accel,349309,0,1613402
21130000,accel,349309,0,1581615
21140000,accel,343801,0,1540655
21150000,accel,332870,0,1491169
21160000,accel,316689,0,1433937
21170000,accel,295515,0,1369861
21180000,accel,269680,0,1299952
21190000,accel,239591,0,1225313
21200000,accel,205725,0,1147121
21210000,accel,168614,0,1066609
21220000,accel,128844,0,985046
21230000,accel,87041,0,903718
21240000,accel,43867,0,823910
21250000,accel,0,0,746878
21260000,accel,-43867,0,673838
21270000,accel,-87041,0,605942
21280000,accel,-128844,0,544261
21290000,accel,-168614,0,489767
21300000,accel,-205725,0,443319
21310000,accel,-239591,0,405651
21320000,accel,-269680,0,377356
21330000,accel,-295515,0,358880
21340000,accel,-316689,0,350515
21350000,accel,-332870,0,352393
21360000,accel,-343801,0,364484
21370000,accel,-349309,0,386598
21380000,accel,-349309,0,418385
21390000,accel,-343801,0,459345
21400000,accel,-332870,0,508831
21410000,accel,-316689,0,566063
21420000,accel,-295515,0,630139
21430000,accel,-269680,0,700048
21440000,accel,-239591,0,774687
21450000,accel,-205725,0,852879
21460000,accel,-168614,0,933391
21470000,accel,-128844,0,1014954
21480000,accel,-87041,0,1096282
21490000,accel,-43867,0,1176090
21500000,accel,0,0,1253122
21510000,accel,43867,0,1326162
21520000,accel,87041,0,1394058
21530000,accel,128844,0,1455739
21540000,accel,168614,0,1510233
21550000,accel,205725,0,1556681
21560000,accel,239591,0,1594349
21570000,accel,269680,0,1622644
21580000,accel,295515,0,1641120
21590000,accel,316689,0,1649485
21600000,accel,332870,0,1647607
21610000,accel,343801,0,1635516
21620000,accel,349309,0,1613402
21630000,accel,349309,0,1581615
21640000,accel,343801,0,1540655
21650000,accel,332870,0,1491169
21660000,accel,316689,0,1433937
21670000,accel,295515,0,1369861
21680000,accel,269680,0,1299952
21690000,accel,239591,0,1225313
21700000,accel,205725,0,1147121
21710000,accel,168614,0,1066609
21720000,accel,128844,0,985046
21730000,accel,87041,0,903718
21740000,accel,43867,0,823910
21750000,accel,0,0,746878
21760000,accel,-43867,0,673838
21770000,accel,-87041,0,605942
21780000,accel,-128844,0,544261
21790000,accel,-168614,0,489767
21800000,accel,-205725,0,443319
21810000,accel,-239591,0,405651
21820000,accel,-269680,0,377356
21830000,accel,-295515,0,358880
21840000,accel,-316689,0,350515
21850000,accel,-332870,0,352393
21860000,accel,-343801,0,364484
21870000,accel,-349309,0,386598
21880000,accel,-349309,0,418385
21890000,accel,-343801,0,459345
21900000,accel,-332870,0,508831
21910000,accel,-316689,0,566063
21920000,accel,-295515,0,630139
21930000,accel,-269680,0,700048
21940000,accel,-239591,0,774687
21950000,accel,-205725,0,852879
21960000,accel,-168614,0,933391
21970000,accel,-128844,0,1014954
21980000,accel,-87041,0,1096282
21990000,accel,-43867,0,1176090
22000000,accel,0,0,1253122
22010000,accel,43867,0,1326162
22020000,accel,87041,0,1394058
22030000,accel,128844,0,1455739
22040000,accel,168614,0,1510233
22050000,accel,205725,0,1556681
22060000,accel,239591,0,1594349
22070000,accel,269680,0,1622644
22080000,accel,295515,0,1641120
22090000,accel,316689,0,1649485
22100000,accel,332870,0,1647607
22110000,accel,343801,0,1635516
22120000,accel,349309,0,1613402
22130000,accel,349309,0,1581615
22140000,accel,343801,0,1540655
22150000,accel,332870,0,1491169
22160000,accel,316689,0,1433937
22170000,accel,295515,0,1369861
22180000,accel,269680,0,1299952
22190000,accel,239591,0,1225313
22200000,accel,205725,0,1147121
22210000,accel,168614,0,1066609
22220000,accel,128844,0,985046
22230000,accel,87041,0,903718
22240000,accel,43867,0,823910
22250000,accel,0,0,746878
22260000,accel,-43867,0,673838
22270000,accel,-87041,0,605942
22280000,accel,-128844,0,544261
22290000,accel,-168614,0,489767
22300000,accel,-205725,0,443319
22310000,accel,-239591,0,405651
22320000,accel,-269680,0,377356
22330000,accel,-295515,0,358880
22340000,accel,-316689,0,350515
22350000,accel,-332870,0,352393
22360000,accel,-343801,0,364484
22370000,accel,-349309,0,386598
22380000,accel,-349309,0,418385
22390000,accel,-343801,0,459345
22400000,accel,-332870,0,508831
22410000,accel,-316689,0,566063
22420000,accel,-295515,0,630139
22430000,accel,-269680,0,700048
22440000,accel,-239591,0,774687
22450000,accel,-205725,0,852879
22460000,accel,-168614,0,933391
22470000,accel,-128844,0,1014954
22480000,accel,-87041,0,1096282
22490000,accel,-43867,0,1176090
22500000,accel,0,0,1253122
22510000,accel,43867,0,1326162
22520000,accel,87041,0,1394058
22530000,accel,128844,0,1455739
22540000,accel,168614,0,1510233
22550000,accel,205725,0,1556681
22560000,accel,239591,0,1594349
22570000,accel,269680,0,1622644
22580000,accel,295515,0,1641120
22590000,accel,316689,0,1649485
22600000,accel,332870,0,1647607
22610000,accel,343801,0,1635516
22620000,accel,349309,0,1613402
22630000,accel,349309,0,1581615
22640000,accel,343801,0,1540655
22650000,accel,332870,0,1491169
22660000,accel,316689,0,1433937
22670000,accel,295515,0,1369861
22680000,accel,269680,0,1299952
22690000,accel,239591,0,1225313
22700000,accel,205725,0,1147121
22710000,accel,168614,0,1066609
22720000,accel,128844,0,985046
22730000,accel,87041,0,903718
22740000,accel,43867,0,823910
22750000,accel,0,0,746878
22760000,accel,-43867,0,673838
22770000,accel,-87041,0,605942
22780000,accel,-128844,0,544261
22790000,accel,-168614,0,489767
22800000,accel,-205725,0,443319
22810000,accel,-239591,0,405651
22820000,accel,-269680,0,377356
22830000,accel,-295515,0,358880
22840000,accel,-316689,0,350515
22850000,accel,-332870,0,352393
22860000,accel,-343801,0,364484
22870000,accel,-349309,0,386598
22880000,accel,-349309,0,418385
22890000,accel,-343801,0,459345
22900000,accel,-332870,0,508831
22910000,accel,-316689,0,566063
22920000,accel,-295515,0,630139
22930000,accel,-269680,0,700048
22940000,accel,-239591,0,774687
22950000,accel,-205725,0,852879
22960000,accel,-168614,0,933391
22970000,accel,-128844,0,1014954
22980000,accel,-87041,0,1096282
22990000,accel,-43867,0,1176090
23000000,accel,0,0,1253122
23010000,accel,43867,0,1326162
23020000,accel,87041,0,1394058
23030000,accel,128844,0,1455739
23040000,accel,168614,0,1510233
23050000,accel,205725,0,1556681
23060000,accel,239591,0,1594349
23070000,accel,269680,0,1622644
23080000,accel,295515,0,1641120
23090000,accel,316689,0,1649485
23100000,accel,332870,0,1647607
23110000,accel,343801,0,1635516
23120000,accel,349309,0,1613402
23130000,accel,349309,0,1581615
23140000,accel,343801,0,1540655
23150000,accel,332870,0,1491169
23160000,accel,316689,0,1433937
23170000,accel,295515,0,1369861
23180000,accel,269680,0,1299952
23190000,accel,239591,0,1225313
23200000,accel,205725,0,1147121
23210000,accel,168614,0,1066609
23220000,accel,128844,0,985046
23230000,accel,87041,0,903718
23240000,accel,43867,0,823910
23250000,accel,0,0,746878
23260000,accel,-43867,0,673838
23270000,accel,-87041,0,605942
23280000,accel,-128844,0,544261
23290000,accel,-168614,0,489767
23300000,accel,-205725,0,443319
23310000,accel,-239591,0,405651
23320000,accel,-269680,0,377356
23330000,accel,-295515,0,358880
23340000,accel,-316689,0,350515
23350000,accel,-332870,0,352393
23360000,accel,-343801,0,364484
23370000,accel,-349309,0,386598
23380000,accel,-349309,0,418385
23390000,accel,-343801,0,459345
23400000,accel,-332870,0,508831
23410000,accel,-316689,0,566063
23420000,accel,-295515,0,630139
23430000,accel,-269680,0,700048
23440000,accel,-239591,0,774687
23450000,accel,-205725,0,852879
23460000,accel,-168614,0,933391
23470000,accel,-128844,0,1014954
23480000,accel,-87041,0,1096282
23490000,accel,-43867,0,1176090
23500000,accel,0,0,1253122
23510000,accel,43867,0,1326162
23520000,accel,87041,0,1394058
23530000,accel,128844,0,1455739
23540000,accel,168614,0,1510233
23550000,accel,205725,0,1556681
23560000,accel,239591,0,1594349
23570000,accel,269680,0,1622644
23580000,accel,295515,0,1641120
23590000,accel,316689,0,1649485
23600000,accel,332870,0,1647607
23610000,accel,343801,0,1635516
23620000,accel,349309,0,1613402
23630000,accel,349309,0,1581615
23640000,accel,343801,0,1540655
23650000,accel,332870,0,1491169
23660000,accel,316689,0,1433937
23670000,accel,295515,0,1369861
23680000,accel,269680,0,1299952
23690000,accel,239591,0,1225313
23700000,accel,205725,0,1147121
23710000,accel,168614,0,1066609
23720000,accel,128844,0,985046
23730000,accel,87041,0,903718
23740000,accel,43867,0,823910
23750000,accel,0,0,746878
23760000,accel,-43867,0,673838
23770000,accel,-87041,0,605942
23780000,accel,-128844,0,544261
23790000,accel,-168614,0,489767
23800000,accel,-205725,0,443319
23810000,accel,-239591,0,405651
23820000,accel,-269680,0,377356
23830000,accel,-295515,0,358880
23840000,accel,-316689,0,350515
23850000,accel,-332870,0,352393
23860000,accel,-343801,0,364484
23870000,accel,-349309,0,386598
23880000,accel,-349309,0,418385
23890000,accel,-343801,0,459345
23900000,accel,-332870,0,508831
23910000,accel,-316689,0,566063
23920000,accel,-295515,0,630139
23930000,accel,-269680,0,700048
23940000,accel,-239591,0,774687
23950000,accel,-205725,0,852879
23960000,accel,-168614,0,933391
23970000,accel,-128844,0,1014954
23980000,accel,-87041,0,1096282
23990000,accel,-43867,0,1176090
24000000,accel,0,0,1253122
24010000,accel,43867,0,1326162
24020000,accel,87041,0,1394058
24030000,accel,128844,0,1455739
24040000,accel,168614,0,1510233
24050000,accel,205725,0,1556681
24060000,accel,239591,0,1594349
24070000,accel,269680,0,1622644
24080000,accel,295515,0,1641120
24090000,accel,316689,0,1649485
24100000,accel,332870,0,1647607
24110000,accel,343801,0,1635516
24120000,accel,349309,0,1613402
24130000,accel,349309,0,1581615
24140000,accel,343801,0,1540655
24150000,accel,332870,0,1491169
24160000,accel,316689,0,1433937
24170000,accel,295515,0,1369861
24180000,accel,269680,0,1299952
24190000,accel,239591,0,1225313
24200000,accel,205725,0,1147121
24210000,accel,168614,0,1066609
24220000,accel,128844,0,985046
24230000,accel,87041,0,903718
24240000,accel,43867,0,823910
24250000,accel,0,0,746878
24260000,accel,-43867,0,673838
24270000,accel,-87041,0,605942
24280000,accel,-128844,0,544261
24290000,accel,-168614,0,489767
24300000,accel,-205725,0,443319
24310000,accel,-239591,0,405651
24320000,accel,-269680,0,377356
24330000,accel,-295515,0,358880
24340000,accel,-316689,0,350515
24350000,accel,-332870,0,352393
24360000,accel,-343801,0,364484
24370000,accel,-349309,0,386598
24380000,accel,-349309,0,418385
24390000,accel,-343801,0,459345
24400000,accel,-332870,0,508831
24410000,accel,-316689,0,566063
24420000,accel,-295515,0,630139
24430000,accel,-269680,0,700048
24440000,accel,-239591,0,774687
24450000,accel,-205725,0,852879
24460000,accel,-168614,0,933391
24470000,accel,-128844,0,1014954
24480000,accel,-87041,0,1096282
24490000,accel,-43867,0,1176090
24500000,accel,0,0,1253122
24510000,accel,43867,0,1326162
24520000,accel,87041,0,1394058
24530000,accel,128844,0,1455739
24540000,accel,168614,0,1510233
24550000,accel,205725,0,1556681
24560000,accel,239591,0,1594349
24570000,accel,269680,0,1622644
24580000,accel,295515,0,1641120
24590000,accel,316689,0,1649485
24600000,accel,332870,0,1647607
24610000,accel,343801,0,1635516
24620000,accel,349309,0,1613402
24630000,accel,349309,0,1581615
24640000,accel,343801,0,1540655
24650000,accel,332870,0,1491169
24660000,accel,316689,0,1433937
24670000,accel,295515,0,1369861
24680000,accel,269680,0,1299952
24690000,accel,239591,0,1225313
24700000,accel,205725,0,1147121
24710000,accel,168614,0,1066609
24720000,accel,128844,0,985046
24730000,accel,87041,0,903718
24740000,accel,43867,0,823910
24750000,accel,0,0,746878
24760000,accel,-43867,0,673838
24770000,accel,-87041,0,605942
24780000,accel,-128844,0,544261
24790000,accel,-168614,0,489767
24800000,accel,-205725,0,443319
24810000,accel,-239591,0,405651
24820000,accel,-269680,0,377356
24830000,accel,-295515,0,358880
24840000,accel,-316689,0,350515
24850000,accel,-332870,0,352393
24860000,accel,-343801,0,364484
24870000,accel,-349309,0,386598
24880000,accel,-349309,0,418385
24890000,accel,-343801,0,459345
24900000,accel,-332870,0,508831
24910000,accel,-316689,0,566063
24920000,accel,-295515,0,630139
24930000,accel,-269680,0,700048
24940000,accel,-239591,0,774687
24950000,accel,-205725,0,852879
24960000,accel,-168614,0,933391
24970000,accel,-128844,0,1014954
24980000,accel,-87041,0,1096282
24990000,accel,-43867,0,1176090
25000000,accel,0,0,1253122
25010000,accel,43867,0,1326162
25020000,accel,87041,0,1394058
25030000,accel,128844,0,1455739
25040000,accel,168614,0,1510233
25050000,accel,205725,0,1556681
25060000,accel,239591,0,1594349
25070000,accel,269680,0,1622644
25080000,accel,295515,0,1641120
25090000,accel,316689,0,1649485
25100000,accel,332870,0,1647607
25110000,accel,343801,0,1635516
25120000,accel,349309,0,1613402
25130000,accel,349309,0,1581615
25140000,accel,343801,0,1540655
25150000,accel,332870,0,1491169
25160000,accel,316689,0,1433937
25170000,accel,295515,0,1369861
25180000,accel,269680,0,1299952
25190000,accel,239591,0,1225313
25200000,accel,205725,0,1147121
25210000,accel,168614,0,1066609
25220000,accel,128844,0,985046
25230000,accel,87041,0,903718
25240000,accel,43867,0,823910
25250000,accel,0,0,746878
25260000,accel,-43867,0,673838
25270000,accel,-87041,0,605942
25280000,accel,-128844,0,544261
25290000,accel,-168614,0,489767
25300000,accel,-205725,0,443319
25310000,accel,-239591,0,405651
25320000,accel,-269680,0,377356
25330000,accel,-295515,0,358880
25340000,accel,-316689,0,350515
25350000,accel,-332870,0,352393
25360000,accel,-343801,0,364484
25370000,accel,-349309,0,386598
25380000,accel,-349309,0,418385
25390000,accel,-343801,0,459345
25400000,accel,-332870,0,508831
25410000,accel,-316689,0,566063
25420000,accel,-295515,0,630139
25430000,accel,-269680,0,700048
25440000,accel,-239591,0,774687
25450000,accel,-205725,0,852879
25460000,accel,-168614,0,933391
25470000,accel,-128844,0,1014954
25480000,accel,-87041,0,1096282
25490000,accel,-43867,0,1176090
25500000,accel,0,0,1253122
25510000,accel,43867,0,1326162
25520000,accel,87041,0,1394058
25530000,accel,128844,0,1455739
25540000,accel,168614,0,1510233
25550000,accel,205725,0,1556681
25560000,accel,239591,0,1594349
25570000,accel,269680,0,1622644
25580000,accel,295515,0,1641120
25590000,accel,316689,0,1649485
25600000,accel,332870,0,1647607
25610000,accel,343801,0,1635516
25620000,accel,349309,0,1613402
25630000,accel,349309,0,1581615
25640000,accel,343801,0,1540655
25650000,accel,332870,0,1491169
25660000,accel,316689,0,1433937
25670000,accel,295515,0,1369861
25680000,accel,269680,0,1299952
25690000,accel,239591,0,1225313
25700000,accel,205725,0,1147121
25710000,accel,168614,0,1066609
25720000,accel,128844,0,985046
25730000,accel,87041,0,903718
25740000,accel,43867,0,823910
25750000,accel,0,0,746878
25760000,accel,-43867,0,673838
25770000,accel,-87041,0,605942
25780000,accel,-128844,0,544261
25790000,accel,-168614,0,489767
25800000,accel,-205725,0,443319
25810000,accel,-239591,0,405651
25820000,accel,-269680,0,377356
25830000,accel,-295515,0,358880
25840000,accel,-316689,0,350515
25850000,accel,-332870,0,352393
25860000,accel,-343801,0,364484
25870000,accel,-349309,0,386598
25880000,accel,-349309,0,418385
25890000,accel,-343801,0,459345
25900000,accel,-332870,0,508831
25910000,accel,-316689,0,566063
25920000,accel,-295515,0,630139
25930000,accel,-269680,0,700048
25940000,accel,-239591,0,774687
25950000,accel,-205725,0,852879
25960000,accel,-168614,0,933391
25970000,accel,-128844,0,1014954
25980000,accel,-87041,0,1096282
25990000,accel,-43867,0,1176090
26000000,accel,0,0,1253122
26010000,accel,43867,0,1326162
26020000,accel,87041,0,1394058
26030000,accel,128844,0,1455739
26040000,accel,168614,0,1510233
26050000,accel,205725,0,1556681
26060000,accel,239591,0,1594349
26070000,accel,269680,0,1622644
26080000,accel,295515,0,1641120
26090000,accel,316689,0,1649485
26100000,accel,332870,0,1647607
26110000,accel,343801,0,1635516
26120000,accel,349309,0,1613402
26130000,accel,349309,0,1581615
26140000,accel,343801,0,1540655
26150000,accel,332870,0,1491169
26160000,accel,316689,0,1433937
26170000,accel,295515,0,1369861
26180000,accel,269680,0,1299952
26190000,accel,239591,0,1225313
26200000,accel,205725,0,1147121
26210000,accel,168614,0,1066609
26220000,accel,128844,0,985046
26230000,accel,87041,0,903718
26240000,accel,43867,0,823910
26250000,accel,0,0,746878
26260000,accel,-43867,0,673838
26270000,accel,-87041,0,605942
26280000,accel,-128844,0,544261
26290000,accel,-168614,0,489767
26300000,accel,-205725,0,443319
26310000,accel,-239591,0,405651
26320000,accel,-269680,0,377356
26330000,accel,-295515,0,358880
26340000,accel,-316689,0,350515
26350000,accel,-332870,0,352393
26360000,accel,-343801,0,364484
26370000,accel,-349309,0,386598
26380000,accel,-349309,0,418385
26390000,accel,-343801,0,459345
26400000,accel,-332870,0,508831
26410000,accel,-316689,0,566063
26420000,accel,-295515,0,630139
26430000,accel,-269680,0,700048
26440000,accel,-239591,0,774687
26450000,accel,-205725,0,852879
26460000,accel,-168614,0,933391
26470000,accel,-128844,0,1014954
26480000,accel,-87041,0,1096282
26490000,accel,-43867,0,1176090
26500000,accel,0,0,1253122
26510000,accel,43867,0,1326162
26520000,accel,87041,0,1394058
26530000,accel,128844,0,1455739
26540000,accel,168614,0,1510233
26550000,accel,205725,0,1556681
26560000,accel,239591,0,1594349
26570000,accel,269680,0,1622644
26580000,accel,295515,0,1641120
26590000,accel,316689,0,1649485
26600000,accel,332870,0,1647607
26610000,accel,343801,0,1635516
26620000,accel,349309,0,1613402
26630000,accel,349309,0,1581615
26640000,accel,343801,0,1540655
26650000,accel,332870,0,1491169
26660000,accel,316689,0,1433937
26670000,accel,295515,0,1369861
26680000,accel,269680,0,1299952
26690000,accel,239591,0,1225313
26700000,accel,205725,0,1147121
26710000,accel,168614,0,1066609
26720000,accel,128844,0,985046
26730000,accel,87041,0,903718
26740000,accel,43867,0,823910
26750000,accel,0,0,746878
26760000,accel,-43867,0,673838
26770000,accel,-87041,0,605942
26780000,accel,-128844,0,544261
26790000,accel,-168614,0,489767
26800000,accel,-205725,0,443319
26810000,accel,-239591,0,405651
26820000,accel,-269680,0,377356
26830000,accel,-295515,0,358880
26840000,accel,-316689,0,350515
26850000,accel,-332870,0,352393
26860000,accel,-343801,0,364484
26870000,accel,-349309,0,386598
26880000,accel,-349309,0,418385
26890000,accel,-343801,0,459345
26900000,accel,-332870,0,508831
26910000,accel,-316689,0,566063
26920000,accel,-295515,0,630139
26930000,accel,-269680,0,700048
26940000,accel,-239591,0,774687
26950000,accel,-205725,0,852879
26960000,accel,-168614,0,933391
26970000,accel,-128844,0,1014954
26980000,accel,-87041,0,1096282
26990000,accel,-43867,0,1176090
27000000,accel,0,0,1253122
27010000,accel,43867,0,1326162
27020000,accel,87041,0,1394058
27030000,accel,128844,0,1455739
27040000,accel,168614,0,1510233
27050000,accel,205725,0,1556681
27060000,accel,239591,0,1594349
27070000,accel,269680,0,1622644
27080000,accel,295515,0,1641120
27090000,accel,316689,0,1649485
27100000,accel,332870,0,1647607
27110000,accel,343801,0,1635516
27120000,accel,349309,0,1613402
27130000,accel,349309,0,1581615
27140000,accel,343801,0,1540655
27150000,accel,332870,0,1491169
27160000,accel,316689,0,1433937
27170000,accel,295515,0,1369861
27180000,accel,269680,0,1299952
27190000,accel,239591,0,1225313
27200000,accel,205725,0,1147121
27210000,accel,168614,0,1066609
27220000,accel,128844,0,985046
27230000,accel,87041,0,903718
27240000,accel,43867,0,823910
27250000,accel,0,0,746878
27260000,accel,-43867,0,673838
27270000,accel,-87041,0,605942
27280000,accel,-128844,0,544261
27290000,accel,-168614,0,489767
27300000,accel,-205725,0,443319
27310000,accel,-239591,0,405651
27320000,accel,-269680,0,377356
27330000,accel,-295515,0,358880
27340000,accel,-316689,0,350515
27350000,accel,-332870,0,352393
27360000,accel,-343801,0,364484
27370000,accel,-349309,0,386598
27380000,accel,-349309,0,418385
27390000,accel,-343801,0,459345
27400000,accel,-332870,0,508831
27410000,accel,-316689,0,566063
27420000,accel,-295515,0,630139
27430000,accel,-269680,0,700048
27440000,accel,-239591,0,774687
27450000,accel,-205725,0,852879
27460000,accel,-168614,0,933391
27470000,accel,-128844,0,1014954
27480000,accel,-87041,0,1096282
27490000,accel,-43867,0,1176090
27500000,accel,0,0,1253122
27510000,accel,43867,0,1326162
27520000,accel,87041,0,1394058
27530000,accel,128844,0,1455739
27540000,accel,168614,0,1510233
27550000,accel,205725,0,1556681
27560000,accel,239591,0,1594349
27570000,accel,269680,0,1622644
27580000,accel,295515,0,1641120
27590000,accel,316689,0,1649485
27600000,accel,332870,0,1647607
27610000,accel,343801,0,1635516
27620000,accel,349309,0,1613402
27630000,accel,349309,0,1581615
27640000,accel,343801,0,1540655
27650000,accel,332870,0,1491169
27660000,accel,316689,0,1433937
27670000,accel,295515,0,1369861
27680000,accel,269680,0,1299952
27690000,accel,239591,0,1225313
27700000,accel,205725,0,1147121
27710000,accel,168614,0,1066609
27720000,accel,128844,0,985046
27730000,accel,87041,0,903718
27740000,accel,43867,0,823910
27750000,accel,0,0,746878
27760000,accel,-43867,0,673838
27770000,accel,-87041,0,605942
27780000,accel,-128844,0,544261
27790000,accel,-168614,0,489767
27800000,accel,-205725,0,443319
27810000,accel,-239591,0,405651
27820000,accel,-269680,0,377356
27830000,accel,-295515,0,358880
27840000,accel,-316689,0,350515
27850000,accel,-332870,0,352393
27860000,accel,-343801,0,364484
27870000,accel,-349309,0,386598
27880000,accel,-349309,0,418385
27890000,accel,-343801,0,459345
27900000,accel,-332870,0,508831
27910000,accel,-316689,0,566063
27920000,accel,-295515,0,630139
27930000,accel,-269680,0,700048
27940000,accel,-239591,0,774687
27950000,accel,-205725,0,852879
27960000,accel,-168614,0,933391
27970000,accel,-128844,0,1014954
27980000,accel,-87041,0,1096282
27990000,accel,-43867,0,1176090
28000000,accel,0,0,1253122
28010000,accel,43867,0,1326162
28020000,accel,87041,0,1394058
28030000,accel,128844,0,1455739
28040000,accel,168614,0,1510233
28050000,accel,205725,0,1556681
28060000,accel,239591,0,1594349
28070000,accel,269680,0,1622644
28080000,accel,295515,0,1641120
28090000,accel,316689,0,1649485
28100000,accel,332870,0,1647607
28110000,accel,343801,0,1635516
28120000,accel,349309,0,1613402
28130000,accel,349309,0,1581615
28140000,accel,343801,0,1540655
28150000,accel,332870,0,1491169
28160000,accel,316689,0,1433937
28170000,accel,295515,0,1369861
28180000,accel,269680,0,1299952
28190000,accel,239591,0,1225313
28200000,accel,205725,0,1147121
28210000,accel,168614,0,1066609
28220000,accel,128844,0,985046
28230000,accel,87041,0,903718
28240000,accel,43867,0,823910
28250000,accel,0,0,746878
28260000,accel,-43867,0,673838
28270000,accel,-87041,0,605942
28280000,accel,-128844,0,544261
28290000,accel,-168614,0,489767
28300000,accel,-205725,0,443319
28310000,accel,-239591,0,405651
28320000,accel,-269680,0,377356
28330000,accel,-295515,0,358880
28340000,accel,-316689,0,350515
28350000,accel,-332870,0,352393
28360000,accel,-343801,0,364484
28370000,accel,-349309,0,386598
28380000,accel,-349309,0,418385
28390000,accel,-343801,0,459345
28400000,accel,-332870,0,508831
28410000,accel,-316689,0,566063
28420000,accel,-295515,0,630139
28430000,accel,-269680,0,700048
28440000,accel,-239591,0,774687
28450000,accel,-205725,0,852879
28460000,accel,-168614,0,933391
28470000,accel,-128844,0,1014954
28480000,accel,-87041,0,1096282
28490000,accel,-43867,0,1176090
28500000,accel,0,0,1253122
28510000,accel,43867,0,1326162
28520000,accel,87041,0,1394058
28530000,accel,128844,0,1455739
28540000,accel,168614,0,1510233
28550000,accel,205725,0,1556681
28560000,accel,239591,0,1594349
28570000,accel,269680,0,1622644
28580000,accel,295515,0,1641120
28590000,accel,316689,0,1649485
28600000,accel,332870,0,1647607
28610000,accel,343801,0,1635516
28620000,accel,349309,0,1613402
28630000,accel,349309,0,1581615
28640000,accel,343801,0,1540655
28650000,accel,332870,0,1491169
28660000,accel,316689,0,1433937
28670000,accel,295515,0,1369861
28680000,accel,269680,0,1299952
28690000,accel,239591,0,1225313
28700000,accel,205725,0,1147121
28710000,accel,168614,0,1066609
28720000,accel,128844,0,985046
28730000,accel,87041,0,903718
28740000,accel,43867,0,823910
28750000,accel,0,0,746878
28760000,accel,-43867,0,673838
28770000,accel,-87041,0,605942
28780000,accel,-128844,0,544261
28790000,accel,-168614,0,489767
28800000,accel,-205725,0,443319
28810000,accel,-239591,0,405651
28820000,accel,-269680,0,377356
28830000,accel,-295515,0,358880
28840000,accel,-316689,0,350515
28850000,accel,-332870,0,352393
28860000,accel,-343801,0,364484
28870000,accel,-349309,0,386598
28880000,accel,-349309,0,418385
28890000,accel,-343801,0,459345
28900000,accel,-332870,0,508831
28910000,accel,-316689,0,566063
28920000,accel,-295515,0,630139
28930000,accel,-269680,0,700048
28940000,accel,-239591,0,774687
28950000,accel,-205725,0,852879
28960000,accel,-168614,0,933391
28970000,accel,-128844,0,1014954
28980000,accel,-87041,0,1096282
28990000,accel,-43867,0,1176090
29000000,accel,0,0,1253122
29010000,accel,43867,0,1326162
29020000,accel,87041,0,1394058
29030000,accel,128844,0,1455739
29040000,accel,168614,0,1510233
29050000,accel,205725,0,1556681
29060000,accel,239591,0,1594349
29070000,accel,269680,0,1622644
29080000,accel,295515,0,1641120
29090000,accel,316689,0,1649485
29100000,accel,332870,0,1647607
29110000,accel,343801,0,1635516
29120000,accel,349309,0,1613402
29130000,accel,349309,0,1581615
29140000,accel,343801,0,1540655
29150000,accel,332870,0,1491169
29160000,accel,316689,0,1433937
29170000,accel,295515,0,1369861
29180000,accel,269680,0,1299952
29190000,accel,239591,0,1225313
29200000,accel,205725,0,1147121
29210000,accel,168614,0,1066609
29220000,accel,128844,0,985046
29230000,accel,87041,0,903718
29240000,accel,43867,0,823910
29250000,accel,0,0,746878
29260000,accel,-43867,0,673838
29270000,accel,-87041,0,605942
29280000,accel,-128844,0,544261
29290000,accel,-168614,0,489767
29300000,accel,-205725,0,443319
29310000,accel,-239591,0,405651
29320000,accel,-269680,0,377356
29330000,accel,-295515,0,358880
29340000,accel,-316689,0,350515
29350000,accel,-332870,0,352393
29360000,accel,-343801,0,364484
29370000,accel,-349309,0,386598
29380000,accel,-349309,0,418385
29390000,accel,-343801,0,459345
29400000,accel,-332870,0,508831
29410000,accel,-316689,0,566063
29420000,accel,-295515,0,630139
29430000,accel,-269680,0,700048
29440000,accel,-239591,0,774687
29450000,accel,-205725,0,852879
29460000,accel,-168614,0,933391
29470000,accel,-128844,0,1014954
29480000,accel,-87041,0,1096282
29490000,accel,-43867,0,1176090
29500000,accel,0,0,1253122
29510000,accel,43867,0,1326162
29520000,accel,87041,0,1394058
29530000,accel,128844,0,1455739
29540000,accel,168614,0,1510233
29550000,accel,205725,0,1556681
29560000,accel,239591,0,1594349
29570000,accel,269680,0,1622644
29580000,accel,295515,0,1641120
29590000,accel,316689,0,1649485
29600000,accel,332870,0,1647607
29610000,accel,343801,0,1635516
29620000,accel,349309,0,1613402
29630000,accel,349309,0,1581615
29640000,accel,343801,0,1540655
29650000,accel,332870,0,1491169
29660000,accel,316689,0,1433937
29670000,accel,295515,0,1369861
29680000,accel,269680,0,1299952
29690000,accel,239591,0,1225313
29700000,accel,205725,0,1147121
29710000,accel,168614,0,1066609
29720000,accel,128844,0,985046
29730000,accel,87041,0,903718
29740000,accel,43867,0,823910
29750000,accel,0,0,746878
29760000,accel,-43867,0,673838
29770000,accel,-87041,0,605942
29780000,accel,-128844,0,544261
29790000,accel,-168614,0,489767
29800000,accel,-205725,0,443319
29810000,accel,-239591,0,405651
29820000,accel,-269680,0,377356
29830000,accel,-295515,0,358880
29840000,accel,-316689,0,350515
29850000,accel,-332870,0,352393
29860000,accel,-343801,0,364484
29870000,accel,-349309,0,386598
29880000,accel,-349309,0,418385
29890000,accel,-343801,0,459345
29900000,accel,-332870,0,508831
29910000,accel,-316689,0,566063
29920000,accel,-295515,0,630139
29930000,accel,-269680,0,700048
29940000,accel,-239591,0,774687
29950000,accel,-205725,0,852879
29960000,accel,-168614,0,933391
29970000,accel,-128844,0,1014954
29980000,accel,-87041,0,1096282
29990000,accel,-43867,0,1176090
30000000,accel,0,0,1253122
30010000,accel,43867,0,1326162
30020000,accel,87041,0,1394058
30030000,accel,128844,0,1455739
30040000,accel,168614,0,1510233
30050000,accel,205725,0,1556681
30060000,accel,239591,0,1594349
30070000,accel,269680,0,1622644
30080000,accel,295515,0,1641120
30090000,accel,316689,0,1649485
30100000,accel,332870,0,1647607
30110000,accel,343801,0,1635516
30120000,accel,349309,0,1613402
30130000,accel,349309,0,1581615
30140000,accel,343801,0,1540655
30150000,accel,332870,0,1491169
30160000,accel,316689,0,1433937
30170000,accel,295515,0,1369861
30180000,accel,269680,0,1299952
30190000,accel,239591,0,1225313
30200000,accel,205725,0,1147121
30210000,accel,168614,0,1066609
30220000,accel,128844,0,985046
30230000,accel,87041,0,903718
30240000,accel,43867,0,823910
30250000,accel,0,0,746878
30260000,accel,-43867,0,673838
30270000,accel,-87041,0,605942
30280000,accel,-128844,0,544261
30290000,accel,-168614,0,489767
30300000,accel,-205725,0,443319
30310000,accel,-239591,0,405651
30320000,accel,-269680,0,377356
30330000,accel,-295515,0,358880
30340000,accel,-316689,0,350515
30350000,accel,-332870,0,352393
30360000,accel,-343801,0,364484
30370000,accel,-349309,0,386598
30380000,accel,-349309,0,418385
30390000,accel,-343801,0,459345
30400000,accel,-332870,0,508831
30410000,accel,-316689,0,566063
30420000,accel,-295515,0,630139
30430000,accel,-269680,0,700048
30440000,accel,-239591,0,774687
30450000,accel,-205725,0,852879
30460000,accel,-168614,0,933391
30470000,accel,-128844,0,1014954
30480000,accel,-87041,0,1096282
30490000,accel,-43867,0,1176090
30500000,accel,0,0,1253122
30510000,accel,43867,0,1326162
30520000,accel,87041,0,1394058
30530000,accel,128844,0,1455739
30540000,accel,168614,0,1510233
30550000,accel,205725,0,1556681
30560000,accel,239591,0,1594349
30570000,accel,269680,0,1622644
30580000,accel,295515,0,1641120
30590000,accel,316689,0,1649485
30600000,accel,332870,0,1647607
30610000,accel,343801,0,1635516
30620000,accel,349309,0,1613402
30630000,accel,349309,0,1581615
30640000,accel,343801,0,1540655
30650000,accel,332870,0,1491169
30660000,accel,316689,0,1433937
30670000,accel,295515,0,1369861
30680000,accel,269680,0,1299952
30690000,accel,239591,0,1225313
30700000,accel,205725,0,1147121
30710000,accel,168614,0,1066609
30720000,accel,128844,0,985046
30730000,accel,87041,0,903718
30740000,accel,43867,0,823910
30750000,accel,0,0,746878
30760000,accel,-43867,0,673838
30770000,accel,-87041,0,605942
30780000,accel,-128844,0,544261
30790000,accel,-168614,0,489767
30800000,accel,-205725,0,443319
30810000,accel,-239591,0,405651
30820000,accel,-269680,0,377356
30830000,accel,-295515,0,358880
30840000,accel,-316689,0,350515
30850000,accel,-332870,0,352393
30860000,accel,-343801,0,364484
30870000,accel,-349309,0,386598
30880000,accel,-349309,0,418385
30890000,accel,-343801,0,459345
30900000,accel,-332870,0,508831
30910000,accel,-316689,0,566063
30920000,accel,-295515,0,630139
30930000,accel,-269680,0,700048
30940000,accel,-239591,0,774687
30950000,accel,-205725,0,852879
30960000,accel,-168614,0,933391
30970000,accel,-128844,0,1014954
30980000,accel,-87041,0,1096282
30990000,accel,-43867,0,1176090
31000000,accel,0,0,1253122
31010000,accel,43867,0,1326162
31020000,accel,87041,0,1394058
31030000,accel,128844,0,1455739
31040000,accel,168614,0,1510233
31050000,accel,205725,0,1556681
31060000,accel,239591,0,1594349
31070000,accel,269680,0,1622644
31080000,accel,295515,0,1641120
31090000,accel,316689,0,1649485
31100000,accel,332870,0,1647607
31110000,accel,343801,0,1635516
31120000,accel,349309,0,1613402
31130000,accel,349309,0,1581615
31140000,accel,343801,0,1540655
31150000,accel,332870,0,1491169
31160000,accel,316689,0,1433937
31170000,accel,295515,0,1369861
31180000,accel,269680,0,1299952
31190000,accel,239591,0,1225313
31200000,accel,205725,0,1147121
31210000,accel,168614,0,1066609
31220000,accel,128844,0,985046
31230000,accel,87041,0,903718
31240000,accel,43867,0,823910
31250000,accel,0,0,746878
31260000,accel,-43867,0,673838
31270000,accel,-87041,0,605942
31280000,accel,-128844,0,544261
31290000,accel,-168614,0,489767
31300000,accel,-205725,0,443319
31310000,accel,-239591,0,405651
31320000,accel,-269680,0,377356
31330000,accel,-295515,0,358880
31340000,accel,-316689,0,350515
31350000,accel,-332870,0,352393
31360000,accel,-343801,0,364484
31370000,accel,-349309,0,386598
31380000,accel,-349309,0,418385
31390000,accel,-343801,0,459345
31400000,accel,-332870,0,508831
31410000,accel,-316689,0,566063
31420000,accel,-295515,0,630139
31430000,accel,-269680,0,700048
31440000,accel,-239591,0,774687
31450000,accel,-205725,0,852879
31460000,accel,-168614,0,933391
31470000,accel,-128844,0,1014954
31480000,accel,-87041,0,1096282
31490000,accel,-43867,0,1176090
31500000,accel,0,0,1253122
31510000,accel,43867,0,1326162
31520000,accel,87041,0,1394058
31530000,accel,128844,0,1455739
31540000,accel,168614,0,1510233
31550000,accel,205725,0,1556681
31560000,accel,239591,0,1594349
31570000,accel,269680,0,1622644
31580000,accel,295515,0,1641120
31590000,accel,316689,0,1649485
31600000,accel,332870,0,1647607
31610000,accel,343801,0,1635516
31620000,accel,349309,0,1613402
31630000,accel,349309,0,1581615
31640000,accel,343801,0,1540655
31650000,accel,332870,0,1491169
31660000,accel,316689,0,1433937
31670000,accel,295515,0,1369861
31680000,accel,269680,0,1299952
31690000,accel,239591,0,1225313
31700000,accel,205725,0,1147121
31710000,accel,168614,0,1066609
31720000,accel,128844,0,985046
31730000,accel,87041,0,903718
31740000,accel,43867,0,823910
31750000,accel,0,0,746878
31760000,accel,-43867,0,673838
31770000,accel,-87041,0,605942
31780000,accel,-128844,0,544261
31790000,accel,-168614,0,489767
31800000,accel,-205725,0,443319
31810000,accel,-239591,0,405651
31820000,accel,-269680,0,377356
31830000,accel,-295515,0,358880
31840000,accel,-316689,0,350515
31850000,accel,-332870,0,352393
31860000,accel,-343801,0,364484
31870000,accel,-349309,0,386598
31880000,accel,-349309,0,418385
31890000,accel,-343801,0,459345
31900000,accel,-332870,0,508831
31910000,accel,-316689,0,566063
31920000,accel,-295515,0,630139
31930000,accel,-269680,0,700048
31940000,accel,-239591,0,774687
31950000,accel,-205725,0,852879
31960000,accel,-168614,0,933391
31970000,accel,-128844,0,1014954
31980000,accel,-87041,0,1096282
31990000,accel,-43867,0,1176090
32000000,accel,0,0,1253122
32010000,accel,43867,0,1326162
32020000,accel,87041,0,1394058
32030000,accel,128844,0,1455739
32040000,accel,168614,0,1510233
32050000,accel,205725,0,1556681
32060000,accel,239591,0,1594349
32070000,accel,269680,0,1622644
32080000,accel,295515,0,1641120
32090000,accel,316689,0,1649485
32100000,accel,332870,0,1647607
32110000,accel,343801,0,1635516
32120000,accel,349309,0,1613402
32130000,accel,349309,0,1581615
32140000,accel,343801,0,1540655
32150000,accel,332870,0,1491169
32160000,accel,316689,0,1433937
32170000,accel,295515,0,1369861
32180000,accel,269680,0,1299952
32190000,accel,239591,0,1225313
32200000,accel,205725,0,1147121
32210000,accel,168614,0,1066609
32220000,accel,128844,0,985046
32230000,accel,87041,0,903718
32240000,accel,43867,0,823910
32250000,accel,0,0,746878
32260000,accel,-43867,0,673838
32270000,accel,-87041,0,605942
32280000,accel,-128844,0,544261
32290000,accel,-168614,0,489767
32300000,accel,-205725,0,443319
32310000,accel,-239591,0,405651
32320000,accel,-269680,0,377356
32330000,accel,-295515,0,358880
32340000,accel,-316689,0,350515
32350000,accel,-332870,0,352393
32360000,accel,-343801,0,364484
32370000,accel,-349309,0,386598
32380000,accel,-349309,0,418385
32390000,accel,-343801,0,459345
32400000,accel,-332870,0,508831
32410000,accel,-316689,0,566063
32420000,accel,-295515,0,630139
32430000,accel,-269680,0,700048
32440000,accel,-239591,0,774687
32450000,accel,-205725,0,852879
32460000,accel,-168614,0,933391
32470000,accel,-128844,0,1014954
32480000,accel,-87041,0,1096282
32490000,accel,-43867,0,1176090
32500000,accel,0,0,1253122
32510000,accel,43867,0,1326162
32520000,accel,87041,0,1394058
32530000,accel,128844,0,1455739
32540000,accel,168614,0,1510233
32550000,accel,205725,0,1556681
32560000,accel,239591,0,1594349
32570000,accel,269680,0,1622644
32580000,accel,295515,0,1641120
32590000,accel,316689,0,1649485
32600000,accel,332870,0,1647607
32610000,accel,343801,0,1635516
32620000,accel,349309,0,1613402
32630000,accel,349309,0,1581615
32640000,accel,343801,0,1540655
32650000,accel,332870,0,1491169
32660000,accel,316689,0,1433937
32670000,accel,295515,0,1369861
32680000,accel,269680,0,1299952
32690000,accel,239591,0,1225313
32700000,accel,205725,0,1147121
32710000,accel,168614,0,1066609
32720000,accel,128844,0,985046
32730000,accel,87041,0,903718
32740000,accel,43867,0,823910
32750000,accel,0,0,746878
32760000,accel,-43867,0,673838
32770000,accel,-87041,0,605942
32780000,accel,-128844,0,544261
32790000,accel,-168614,0,489767
32800000,accel,-205725,0,443319
32810000,accel,-239591,0,405651
32820000,accel,-269680,0,377356
32830000,accel,-295515,0,358880
32840000,accel,-316689,0,350515
32850000,accel,-332870,0,352393
32860000,accel,-343801,0,364484
32870000,accel,-349309,0,386598
32880000,accel,-349309,0,418385
32890000,accel,-343801,0,459345
32900000,accel,-332870,0,508831
32910000,accel,-316689,0,566063
32920000,accel,-295515,0,630139
32930000,accel,-269680,0,700048
32940000,accel,-239591,0,774687
32950000,accel,-205725,0,852879
32960000,accel,-168614,0,933391
32970000,accel,-128844,0,1014954
32980000,accel,-87041,0,1096282
32990000,accel,-43867,0,1176090
33000000,accel,0,0,1253122
33010000,accel,43867,0,1326162
33020000,accel,87041,0,1394058
33030000,accel,128844,0,1455739
33040000,accel,168614,0,1510233
33050000,accel,205725,0,1556681
33060000,accel,239591,0,1594349
33070000,accel,269680,0,1622644
33080000,accel,295515,0,1641120
33090000,accel,316689,0,1649485
33100000,accel,332870,0,1647607
33110000,accel,343801,0,1635516
33120000,accel,349309,0,1613402
33130000,accel,349309,0,1581615
33140000,accel,343801,0,1540655
33150000,accel,332870,0,1491169
33160000,accel,316689,0,1433937
33170000,accel,295515,0,1369861
33180000,accel,269680,0,1299952
33190000,accel,239591,0,1225313
33200000,accel,205725,0,1147121
33210000,accel,168614,0,1066609
33220000,accel,128844,0,985046
33230000,accel,87041,0,903718
33240000,accel,43867,0,823910
33250000,accel,0,0,746878
33260000,accel,-43867,0,673838
33270000,accel,-87041,0,605942
33280000,accel,-128844,0,544261
33290000,accel,-168614,0,489767
33300000,accel,-205725,0,443319
33310000,accel,-239591,0,405651
33320000,accel,-269680,0,377356
33330000,accel,-295515,0,358880
33340000,accel,-316689,0,350515
33350000,accel,-332870,0,352393
33360000,accel,-343801,0,364484
33370000,accel,-349309,0,386598
33380000,accel,-349309,0,418385
33390000,accel,-343801,0,459345
33400000,accel,-332870,0,508831
33410000,accel,-316689,0,566063
33420000,accel,-295515,0,630139
33430000,accel,-269680,0,700048
33440000,accel,-239591,0,774687
33450000,accel,-205725,0,852879
33460000,accel,-168614,0,933391
33470000,accel,-128844,0,1014954
33480000,accel,-87041,0,1096282
33490000,accel,-43867,0,1176090
33500000,accel,0,0,1253122
33510000,accel,43867,0,1326162
33520000,accel,87041,0,1394058
33530000,accel,128844,0,1455739
33540000,accel,168614,0,1510233
33550000,accel,205725,0,1556681
33560000,accel,239591,0,1594349
33570000,accel,269680,0,1622644
33580000,accel,295515,0,1641120
33590000,accel,316689,0,1649485
33600000,accel,332870,0,1647607
33610000,accel,343801,0,1635516
33620000,accel,349309,0,1613402
33630000,accel,349309,0,1581615
33640000,accel,343801,0,1540655
33650000,accel,332870,0,1491169
33660000,accel,316689,0,1433937
33670000,accel,295515,0,1369861
33680000,accel,269680,0,1299952
33690000,accel,239591,0,1225313
33700000,accel,205725,0,1147121
33710000,accel,168614,0,1066609
33720000,accel,128844,0,985046
33730000,accel,87041,0,903718
33740000,accel,43867,0,823910
33750000,accel,0,0,746878
33760000,accel,-43867,0,673838
33770000,accel,-87041,0,605942
33780000,accel,-128844,0,544261
33790000,accel,-168614,0,489767
33800000,accel,-205725,0,443319
33810000,accel,-239591,0,405651
33820000,accel,-269680,0,377356
33830000,accel,-295515,0,358880
33840000,accel,-316689,0,350515
33850000,accel,-332870,0,352393
33860000,accel,-343801,0,364484
33870000,accel,-349309,0,386598
33880000,accel,-349309,0,418385
33890000,accel,-343801,0,459345
33900000,accel,-332870,0,508831
33910000,accel,-316689,0,566063
33920000,accel,-295515,0,630139
33930000,accel,-269680,0,700048
33940000,accel,-239591,0,774687
33950000,accel,-205725,0,852879
33960000,accel,-168614,0,933391
33970000,accel,-128844,0,1014954
33980000,accel,-87041,0,1096282
33990000,accel,-43867,0,1176090
34000000,accel,0,0,1253122
34010000,accel,43867,0,1326162
34020000,accel,87041,0,1394058
34030000,accel,128844,0,1455739
34040000,accel,168614,0,1510233
34050000,accel,205725,0,1556681
34060000,accel,239591,0,1594349
34070000,accel,269680,0,1622644
34080000,accel,295515,0,1641120
34090000,accel,316689,0,1649485
34100000,accel,332870,0,1647607
34110000,accel,343801,0,1635516
34120000,accel,349309,0,1613402
34130000,accel,349309,0,1581615
34140000,accel,343801,0,1540655
34150000,accel,332870,0,1491169
34160000,accel,316689,0,1433937
34170000,accel,295515,0,1369861
34180000,accel,269680,0,1299952
34190000,accel,239591,0,1225313
34200000,accel,205725,0,1147121
34210000,accel,168614,0,1066609
34220000,accel,128844,0,985046
34230000,accel,87041,0,903718
34240000,accel,43867,0,823910
34250000,accel,0,0,746878
34260000,accel,-43867,0,673838
34270000,accel,-87041,0,605942
34280000,accel,-128844,0,544261
34290000,accel,-168614,0,489767
34300000,accel,-205725,0,443319
34310000,accel,-239591,0,405651
34320000,accel,-269680,0,377356
34330000,accel,-295515,0,358880
34340000,accel,-316689,0,350515
34350000,accel,-332870,0,352393
34360000,accel,-343801,0,364484
34370000,accel,-349309,0,386598
34380000,accel,-349309,0,418385
34390000,accel,-343801,0,459345
34400000,accel,-332870,0,508831
34410000,accel,-316689,0,566063
34420000,accel,-295515,0,630139
34430000,accel,-269680,0,700048
34440000,accel,-239591,0,774687
34450000,accel,-205725,0,852879
34460000,accel,-168614,0,933391
34470000,accel,-128844,0,1014954
34480000,accel,-87041,0,1096282
34490000,accel,-43867,0,1176090
34500000,accel,0,0,1253122
34510000,accel,43867,0,1326162
34520000,accel,87041,0,1394058
34530000,accel,128844,0,1455739
34540000,accel,168614,0,1510233
34550000,accel,205725,0,1556681
34560000,accel,239591,0,1594349
34570000,accel,269680,0,1622644
34580000,accel,295515,0,1641120
34590000,accel,316689,0,1649485
34600000,accel,332870,0,1647607
34610000,accel,343801,0,1635516
34620000,accel,349309,0,1613402
34630000,accel,349309,0,1581615
34640000,accel,343801,0,1540655
34650000,accel,332870,0,1491169
34660000,accel,316689,0,1433937
34670000,accel,295515,0,1369861
34680000,accel,269680,0,1299952
34690000,accel,239591,0,1225313
34700000,accel,205725,0,1147121
34710000,accel,168614,0,1066609
34720000,accel,128844,0,985046
34730000,accel,87041,0,903718
34740000,accel,43867,0,823910
34750000,accel,0,0,746878
34760000,accel,-43867,0,673838
34770000,accel,-87041,0,605942
34780000,accel,-128844,0,544261
34790000,accel,-168614,0,489767
34800000,accel,-205725,0,443319
34810000,accel,-239591,0,405651
34820000,accel,-269680,0,377356
34830000,accel,-295515,0,358880
34840000,accel,-316689,0,350515
34850000,accel,-332870,0,352393
34860000,accel,-343801,0,364484
34870000,accel,-349309,0,386598
34880000,accel,-349309,0,418385
34890000,accel,-343801,0,459345
34900000,accel,-332870,0,508831
34910000,accel,-316689,0,566063
34920000,accel,-295515,0,630139
34930000,accel,-269680,0,700048
34940000,accel,-239591,0,774687
34950000,accel,-205725,0,852879
34960000,accel,-168614,0,933391
34970000,accel,-128844,0,1014954
34980000,accel,-87041,0,1096282
34990000,accel,-43867,0,1176090
35000000,accel,0,0,1253122
35010000,accel,43867,0,1326162
35020000,accel,87041,0,1394058
35030000,accel,128844,0,1455739
35040000,accel,168614,0,1510233
35050000,accel,205725,0,1556681
35060000,accel,239591,0,1594349
35070000,accel,269680,0,1622644
35080000,accel,295515,0,1641120
35090000,accel,316689,0,1649485
35100000,accel,332870,0,1647607
35110000,accel,343801,0,1635516
35120000,accel,349309,0,1613402
35130000,accel,349309,0,1581615
35140000,accel,343801,0,1540655
35150000,accel,332870,0,1491169
35160000,accel,316689,0,1433937
35170000,accel,295515,0,1369861
35180000,accel,269680,0,1299952
35190000,accel,239591,0,1225313
35200000,accel,205725,0,1147121
35210000,accel,168614,0,1066609
35220000,accel,128844,0,985046
35230000,accel,87041,0,903718
35240000,accel,43867,0,823910
35250000,accel,0,0,746878
35260000,accel,-43867,0,673838
35270000,accel,-87041,0,605942
35280000,accel,-128844,0,544261
35290000,accel,-168614,0,489767
35300000,accel,-205725,0,443319
35310000,accel,-239591,0,405651
35320000,accel,-269680,0,377356
35330000,accel,-295515,0,358880
35340000,accel,-316689,0,350515
35350000,accel,-332870,0,352393
35360000,accel,-343801,0,364484
35370000,accel,-349309,0,386598
35380000,accel,-349309,0,418385
35390000,accel,-343801,0,459345
35400000,accel,-332870,0,508831
35410000,accel,-316689,0,566063
35420000,accel,-295515,0,630139
35430000,accel,-269680,0,700048
35440000,accel,-239591,0,774687
35450000,accel,-205725,0,852879
35460000,accel,-168614,0,933391
35470000,accel,-128844,0,1014954
35480000,accel,-87041,0,1096282
35490000,accel,-43867,0,1176090
35500000,accel,0,0,1253122
35510000,accel,43867,0,1326162
35520000,accel,87041,0,1394058
35530000,accel,128844,0,1455739
35540000,accel,168614,0,1510233
35550000,accel,205725,0,1556681
35560000,accel,239591,0,1594349
35570000,accel,269680,0,1622644
35580000,accel,295515,0,1641120
35590000,accel,316689,0,1649485
35600000,accel,332870,0,1647607
35610000,accel,343801,0,1635516
35620000,accel,349309,0,1613402
35630000,accel,349309,0,1581615
35640000,accel,343801,0,1540655
35650000,accel,332870,0,1491169
35660000,accel,316689,0,1433937
35670000,accel,295515,0,1369861
35680000,accel,269680,0,1299952
35690000,accel,239591,0,1225313
35700000,accel,205725,0,1147121
35710000,accel,168614,0,1066609
35720000,accel,128844,0,985046
35730000,accel,87041,0,903718
35740000,accel,43867,0,823910
35750000,accel,0,0,746878
35760000,accel,-43867,0,673838
35770000,accel,-87041,0,605942
35780000,accel,-128844,0,544261
35790000,accel,-168614,0,489767
35800000,accel,-205725,0,443319
35810000,accel,-239591,0,405651
35820000,accel,-269680,0,377356
35830000,accel,-295515,0,358880
35840000,accel,-316689,0,350515
35850000,accel,-332870,0,352393
35860000,accel,-343801,0,364484
35870000,accel,-349309,0,386598
35880000,accel,-349309,0,418385
35890000,accel,-343801,0,459345
35900000,accel,-332870,0,508831
35910000,accel,-316689,0,566063
35920000,accel,-295515,0,630139
35930000,accel,-269680,0,700048
35940000,accel,-239591,0,774687
35950000,accel,-205725,0,852879
35960000,accel,-168614,0,933391
35970000,accel,-128844,0,1014954
35980000,accel,-87041,0,1096282
35990000,accel,-43867,0,1176090
36000000,accel,0,0,1253122
36010000,accel,43867,0,1326162
36020000,accel,87041,0,1394058
36030000,accel,128844,0,1455739
36040000,accel,168614,0,1510233
36050000,accel,205725,0,1556681
36060000,accel,239591,0,1594349
36070000,accel,269680,0,1622644
36080000,accel,295515,0,1641120
36090000,accel,316689,0,1649485
36100000,accel,332870,0,1647607
36110000,accel,343801,0,1635516
36120000,accel,349309,0,1613402
36130000,accel,349309,0,1581615
36140000,accel,343801,0,1540655
36150000,accel,332870,0,1491169
36160000,accel,316689,0,1433937
36170000,accel,295515,0,1369861
36180000,accel,269680,0,1299952
36190000,accel,239591,0,1225313
36200000,accel,205725,0,1147121
36210000,accel,168614,0,1066609
36220000,accel,128844,0,985046
36230000,accel,87041,0,903718
36240000,accel,43867,0,823910
36250000,accel,0,0,746878
36260000,accel,-43867,0,673838
36270000,accel,-87041,0,605942
36280000,accel,-128844,0,544261
36290000,accel,-168614,0,489767
36300000,accel,-205725,0,443319
36310000,accel,-239591,0,405651
36320000,accel,-269680,0,377356
36330000,accel,-295515,0,358880
36340000,accel,-316689,0,350515
36350000,accel,-332870,0,352393
36360000,accel,-343801,0,364484
36370000,accel,-349309,0,386598
36380000,accel,-349309,0,418385
36390000,accel,-343801,0,459345
36400000,accel,-332870,0,508831
36410000,accel,-316689,0,566063
36420000,accel,-295515,0,630139
36430000,accel,-269680,0,700048
36440000,accel,-239591,0,774687
36450000,accel,-205725,0,852879
36460000,accel,-168614,0,933391
36470000,accel,-128844,0,1014954
36480000,accel,-87041,0,1096282
36490000,accel,-43867,0,1176090
36500000,accel,0,0,1253122
36510000,accel,43867,0,1326162
36520000,accel,87041,0,1394058
36530000,accel,128844,0,1455739
36540000,accel,168614,0,1510233
36550000,accel,205725,0,1556681
36560000,accel,239591,0,1594349
36570000,accel,269680,0,1622644
36580000,accel,295515,0,1641120
36590000,accel,316689,0,1649485
36600000,accel,332870,0,1647607
36610000,accel,343801,0,1635516
36620000,accel,349309,0,1613402
36630000,accel,349309,0,1581615
36640000,accel,343801,0,1540655
36650000,accel,332870,0,1491169
36660000,accel,316689,0,1433937
36670000,accel,295515,0,1369861
36680000,accel,269680,0,1299952
36690000,accel,239591,0,1225313
36700000,accel,205725,0,1147121
36710000,accel,168614,0,1066609
36720000,accel,128844,0,985046
36730000,accel,87041,0,903718
36740000,accel,43867,0,823910
36750000,accel,0,0,746878
36760000,accel,-43867,0,673838
36770000,accel,-87041,0,605942
36780000,accel,-128844,0,544261
36790000,accel,-168614,0,489767
36800000,accel,-205725,0,443319
36810000,accel,-239591,0,405651
36820000,accel,-269680,0,377356
36830000,accel,-295515,0,358880
36840000,accel,-316689,0,350515
36850000,accel,-332870,0,352393
36860000,accel,-343801,0,364484
36870000,accel,-349309,0,386598
36880000,accel,-349309,0,418385
36890000,accel,-343801,0,459345
36900000,accel,-332870,0,508831
36910000,accel,-316689,0,566063
36920000,accel,-295515,0,630139
36930000,accel,-269680,0,700048
36940000,accel,-239591,0,774687
36950000,accel,-205725,0,852879
36960000,accel,-168614,0,933391
36970000,accel,-128844,0,1014954
36980000,accel,-87041,0,1096282
36990000,accel,-43867,0,1176090
37000000,accel,0,0,1253122
37010000,accel,43867,0,1326162
37020000,accel,87041,0,1394058
37030000,accel,128844,0,1455739
37040000,accel,168614,0,1510233
37050000,accel,205725,0,1556681
37060000,accel,239591,0,1594349
37070000,accel,269680,0,1622644
37080000,accel,295515,0,1641120
37090000,accel,316689,0,1649485
37100000,accel,332870,0,1647607
37110000,accel,343801,0,1635516
37120000,accel,349309,0,1613402
37130000,accel,349309,0,1581615
37140000,accel,343801,0,1540655
37150000,accel,332870,0,1491169
37160000,accel,316689,0,1433937
37170000,accel,295515,0,1369861
37180000,accel,269680,0,1299952
37190000,accel,239591,0,1225313
37200000,accel,205725,0,1147121
37210000,accel,168614,0,1066609
37220000,accel,128844,0,985046
37230000,accel,87041,0,903718
37240000,accel,43867,0,823910
37250000,accel,0,0,746878
37260000,accel,-43867,0,673838
37270000,accel,-87041,0,605942
37280000,accel,-128844,0,544261
37290000,accel,-168614,0,489767
37300000,accel,-205725,0,443319
37310000,accel,-239591,0,405651
37320000,accel,-269680,0,377356
37330000,accel,-295515,0,358880
37340000,accel,-316689,0,350515
37350000,accel,-332870,0,352393
37360000,accel,-343801,0,364484
37370000,accel,-349309,0,386598
37380000,accel,-349309,0,418385
37390000,accel,-343801,0,459345
37400000,accel,-332870,0,508831
37410000,accel,-316689,0,566063
37420000,accel,-295515,0,630139
37430000,accel,-269680,0,700048
37440000,accel,-239591,0,774687
37450000,accel,-205725,0,852879
37460000,accel,-168614,0,933391
37470000,accel,-128844,0,1014954
37480000,accel,-87041,0,1096282
37490000,accel,-43867,0,1176090
37500000,accel,0,0,1253122
37510000,accel,43867,0,1326162
37520000,accel,87041,0,1394058
37530000,accel,128844,0,1455739
37540000,accel,168614,0,1510233
37550000,accel,205725,0,1556681
37560000,accel,239591,0,1594349
37570000,accel,269680,0,1622644
37580000,accel,295515,0,1641120
37590000,accel,316689,0,1649485
37600000,accel,332870,0,1647607
37610000,accel,343801,0,1635516
37620000,accel,349309,0,1613402
37630000,accel,349309,0,1581615
37640000,accel,343801,0,1540655
37650000,accel,332870,0,1491169
37660000,accel,316689,0,1433937
37670000,accel,295515,0,1369861
37680000,accel,269680,0,1299952
37690000,accel,239591,0,1225313
37700000,accel,205725,0,1147121
37710000,accel,168614,0,1066609
37720000,accel,128844,0,985046
37730000,accel,87041,0,903718
37740000,accel,43867,0,823910
37750000,accel,0,0,746878
37760000,accel,-43867,0,673838
37770000,accel,-87041,0,605942
37780000,accel,-128844,0,544261
37790000,accel,-168614,0,489767
37800000,accel,-205725,0,443319
37810000,accel,-239591,0,405651
37820000,accel,-269680,0,377356
37830000,accel,-295515,0,358880
37840000,accel,-316689,0,350515
37850000,accel,-332870,0,352393
37860000,accel,-343801,0,364484
37870000,accel,-349309,0,386598
37880000,accel,-349309,0,418385
37890000,accel,-343801,0,459345
37900000,accel,-332870,0,508831
37910000,accel,-316689,0,566063
37920000,accel,-295515,0,630139
37930000,accel,-269680,0,700048
37940000,accel,-239591,0,774687
37950000,accel,-205725,0,852879
37960000,accel,-168614,0,933391
37970000,accel,-128844,0,1014954
37980000,accel,-87041,0,1096282
37990000,accel,-43867,0,1176090
38000000,accel,0,0,1253122
38010000,accel,43867,0,1326162
38020000,accel,87041,0,1394058
38030000,accel,128844,0,1455739
38040000,accel,168614,0,1510233
38050000,accel,205725,0,1556681
38060000,accel,239591,0,1594349
38070000,accel,269680,0,1622644
38080000,accel,295515,0,1641120
38090000,accel,316689,0,1649485
38100000,accel,332870,0,1647607
38110000,accel,343801,0,1635516
38120000,accel,349309,0,1613402
38130000,accel,349309,0,1581615
38140000,accel,343801,0,1540655
38150000,accel,332870,0,1491169
38160000,accel,316689,0,1433937
38170000,accel,295515,0,1369861
38180000,accel,269680,0,1299952
38190000,accel,239591,0,1225313
38200000,accel,205725,0,1147121
38210000,accel,168614,0,1066609
38220000,accel,128844,0,985046
38230000,accel,87041,0,903718
38240000,accel,43867,0,823910
38250000,accel,0,0,746878
38260000,accel,-43867,0,673838
38270000,accel,-87041,0,605942
38280000,accel,-128844,0,544261
38290000,accel,-168614,0,489767
38300000,accel,-205725,0,443319
38310000,accel,-239591,0,405651
38320000,accel,-269680,0,377356
38330000,accel,-295515,0,358880
38340000,accel,-316689,0,350515
38350000,accel,-332870,0,352393
38360000,accel,-343801,0,364484
38370000,accel,-349309,0,386598
38380000,accel,-349309,0,418385
38390000,accel,-343801,0,459345
38400000,accel,-332870,0,508831
38410000,accel,-316689,0,566063
38420000,accel,-295515,0,630139
38430000,accel,-269680,0,700048
38440000,accel,-239591,0,774687
38450000,accel,-205725,0,852879
38460000,accel,-168614,0,933391
38470000,accel,-128844,0,1014954
38480000,accel,-87041,0,1096282
38490000,accel,-43867,0,1176090
38500000,accel,0,0,1253122
38510000,accel,43867,0,1326162
38520000,accel,87041,0,1394058
38530000,accel,128844,0,1455739
38540000,accel,168614,0,1510233
38550000,accel,205725,0,1556681
38560000,accel,239591,0,1594349
38570000,accel,269680,0,1622644
38580000,accel,295515,0,1641120
38590000,accel,316689,0,1649485
38600000,accel,332870,0,1647607
38610000,accel,343801,0,1635516
38620000,accel,349309,0,1613402
38630000,accel,349309,0,1581615
38640000,accel,343801,0,1540655
38650000,accel,332870,0,1491169
38660000,accel,316689,0,1433937
38670000,accel,295515,0,1369861
38680000,accel,269680,0,1299952
38690000,accel,239591,0,1225313
38700000,accel,205725,0,1147121
38710000,accel,168614,0,1066609
38720000,accel,128844,0,985046
38730000,accel,87041,0,903718
38740000,accel,43867,0,823910
38750000,accel,0,0,746878
38760000,accel,-43867,0,673838
38770000,accel,-87041,0,605942
38780000,accel,-128844,0,544261
38790000,accel,-168614,0,489767
38800000,accel,-205725,0,443319
38810000,accel,-239591,0,405651
38820000,accel,-269680,0,377356
38830000,accel,-295515,0,358880
38840000,accel,-316689,0,350515
38850000,accel,-332870,0,352393
38860000,accel,-343801,0,364484
38870000,accel,-349309,0,386598
38880000,accel,-349309,0,418385
38890000,accel,-343801,0,459345
38900000,accel,-332870,0,508831
38910000,accel,-316689,0,566063
38920000,accel,-295515,0,630139
38930000,accel,-269680,0,700048
38940000,accel,-239591,0,774687
38950000,accel,-205725,0,852879
38960000,accel,-168614,0,933391
38970000,accel,-128844,0,1014954
38980000,accel,-87041,0,1096282
38990000,accel,-43867,0,1176090
39000000,accel,0,0,1253122
39010000,accel,43867,0,1326162
39020000,accel,87041,0,1394058
39030000,accel,128844,0,1455739
39040000,accel,168614,0,1510233
39050000,accel,205725,0,1556681
39060000,accel,239591,0,1594349
39070000,accel,269680,0,1622644
39080000,accel,295515,0,1641120
39090000,accel,316689,0,1649485
39100000,accel,332870,0,1647607
39110000,accel,343801,0,1635516
39120000,accel,349309,0,1613402
39130000,accel,349309,0,1581615
39140000,accel,343801,0,1540655
39150000,accel,332870,0,1491169
39160000,accel,316689,0,1433937
39170000,accel,295515,0,1369861
39180000,accel,269680,0,1299952
39190000,accel,239591,0,1225313
39200000,accel,205725,0,1147121
39210000,accel,168614,0,1066609
39220000,accel,128844,0,985046
39230000,accel,87041,0,903718
39240000,accel,43867,0,823910
39250000,accel,0,0,746878
39260000,accel,-43867,0,673838
39270000,accel,-87041,0,605942
39280000,accel,-128844,0,544261
39290000,accel,-168614,0,489767
39300000,accel,-205725,0,443319
39310000,accel,-239591,0,405651
39320000,accel,-269680,0,377356
39330000,accel,-295515,0,358880
39340000,accel,-316689,0,350515
39350000,accel,-332870,0,352393
39360000,accel,-343801,0,364484
39370000,accel,-349309,0,386598
39380000,accel,-349309,0,418385
39390000,accel,-343801,0,459345
39400000,accel,-332870,0,508831
39410000,accel,-316689,0,566063
39420000,accel,-295515,0,630139
39430000,accel,-269680,0,700048
39440000,accel,-239591,0,774687
39450000,accel,-205725,0,852879
39460000,accel,-168614,0,933391
39470000,accel,-128844,0,1014954
39480000,accel,-87041,0,1096282
39490000,accel,-43867,0,1176090
39500000,accel,0,0,1253122
39510000,accel,43867,0,1326162
39520000,accel,87041,0,1394058
39530000,accel,128844,0,1455739
39540000,accel,168614,0,1510233
39550000,accel,205725,0,1556681
39560000,accel,239591,0,1594349
39570000,accel,269680,0,1622644
39580000,accel,295515,0,1641120
39590000,accel,316689,0,1649485
39600000,accel,332870,0,1647607
39610000,accel,343801,0,1635516
39620000,accel,349309,0,1613402
39630000,accel,349309,0,1581615
39640000,accel,343801,0,1540655
39650000,accel,332870,0,1491169
39660000,accel,316689,0,1433937
39670000,accel,295515,0,1369861
39680000,accel,269680,0,1299952
39690000,accel,239591,0,1225313
39700000,accel,205725,0,1147121
39710000,accel,168614,0,1066609
39720000,accel,128844,0,985046
39730000,accel,87041,0,903718
39740000,accel,43867,0,823910
39750000,accel,0,0,746878
39760000,accel,-43867,0,673838
39770000,accel,-87041,0,605942
39780000,accel,-128844,0,544261
39790000,accel,-168614,0,489767
39800000,accel,-205725,0,443319
39810000,accel,-239591,0,405651
39820000,accel,-269680,0,377356
39830000,accel,-295515,0,358880
39840000,accel,-316689,0,350515
39850000,accel,-332870,0,352393
39860000,accel,-343801,0,364484
39870000,accel,-349309,0,386598
39880000,accel,-349309,0,418385
39890000,accel,-343801,0,459345
39900000,accel,-332870,0,508831
39910000,accel,-316689,0,566063
39920000,accel,-295515,0,630139
39930000,accel,-269680,0,700048
39940000,accel,-239591,0,774687
39950000,accel,-205725,0,852879
39960000,accel,-168614,0,933391
39970000,accel,-128844,0,1014954
39980000,accel,-87041,0,1096282
39990000,accel,-43867,0,1176090
40000000,accel,0,0,1253122
40010000,accel,43867,0,1326162
40020000,accel,87041,0,1394058
40030000,accel,128844,0,1455739
40040000,accel,168614,0,1510233
40050000,accel,205725,0,1556681
40060000,accel,239591,0,1594349
40070000,accel,269680,0,1622644
40080000,accel,295515,0,1641120
40090000,accel,316689,0,1649485
40100000,accel,332870,0,1647607
40110000,accel,343801,0,1635516
40120000,accel,349309,0,1613402
40130000,accel,349309,0,1581615
40140000,accel,343801,0,1540655
40150000,accel,332870,0,1491169
40160000,accel,316689,0,1433937
40170000,accel,295515,0,1369861
40180000,accel,269680,0,1299952
40190000,accel,239591,0,1225313
40200000,accel,205725,0,1147121
40210000,accel,168614,0,1066609
40220000,accel,128844,0,985046
40230000,accel,87041,0,903718
40240000,accel,43867,0,823910
40250000,accel,0,0,746878
40260000,accel,-43867,0,673838
40270000,accel,-87041,0,605942
40280000,accel,-128844,0,544261
40290000,accel,-168614,0,489767
40300000,accel,-205725,0,443319
40310000,accel,-239591,0,405651
40320000,accel,-269680,0,377356
40330000,accel,-295515,0,358880
40340000,accel,-316689,0,350515
40350000,accel,-332870,0,352393
40360000,accel,-343801,0,364484
40370000,accel,-349309,0,386598
40380000,accel,-349309,0,418385
40390000,accel,-343801,0,459345
40400000,accel,-332870,0,508831
40410000,accel,-316689,0,566063
40420000,accel,-295515,0,630139
40430000,accel,-269680,0,700048
40440000,accel,-239591,0,774687
40450000,accel,-205725,0,852879
40460000,accel,-168614,0,933391
40470000,accel,-128844,0,1014954
40480000,accel,-87041,0,1096282
40490000,accel,-43867,0,1176090
40500000,accel,0,0,1253122
40510000,accel,43867,0,1326162
40520000,accel,87041,0,1394058
40530000,accel,128844,0,1455739
40540000,accel,168614,0,1510233
40550000,accel,205725,0,1556681
40560000,accel,239591,0,1594349
40570000,accel,269680,0,1622644
40580000,accel,295515,0,1641120
40590000,accel,316689,0,1649485
40600000,accel,332870,0,1647607
40610000,accel,343801,0,1635516
40620000,accel,349309,0,1613402
40630000,accel,349309,0,1581615
40640000,accel,343801,0,1540655
40650000,accel,332870,0,1491169
40660000,accel,316689,0,1433937
40670000,accel,295515,0,1369861
40680000,accel,269680,0,1299952
40690000,accel,239591,0,1225313
40700000,accel,205725,0,1147121
40710000,accel,168614,0,1066609
40720000,accel,128844,0,985046
40730000,accel,87041,0,903718
40740000,accel,43867,0,823910
40750000,accel,0,0,746878
40760000,accel,-43867,0,673838
40770000,accel,-87041,0,605942
40780000,accel,-128844,0,544261
40790000,accel,-168614,0,489767
40800000,accel,-205725,0,443319
40810000,accel,-239591,0,405651
40820000,accel,-269680,0,377356
40830000,accel,-295515,0,358880
40840000,accel,-316689,0,350515
40850000,accel,-332870,0,352393
40860000,accel,-343801,0,364484
40870000,accel,-349309,0,386598
40880000,accel,-349309,0,418385
40890000,accel,-343801,0,459345
40900000,accel,-332870,0,508831
40910000,accel,-316689,0,566063
40920000,accel,-295515,0,630139
40930000,accel,-269680,0,700048
40940000,accel,-239591,0,774687
40950000,accel,-205725,0,852879
40960000,accel,-168614,0,933391
40970000,accel,-128844,0,1014954
40980000,accel,-87041,0,1096282
40990000,accel,-43867,0,1176090
41000000,accel,0,0,1253122
41010000,accel,43867,0,1326162
41020000,accel,87041,0,1394058
41030000,accel,128844,0,1455739
41040000,accel,168614,0,1510233
41050000,accel,205725,0,1556681
41060000,accel,239591,0,1594349
41070000,accel,269680,0,1622644
41080000,accel,295515,0,1641120
41090000,accel,316689,0,1649485
41100000,accel,332870,0,1647607
41110000,accel,343801,0,1635516
41120000,accel,349309,0,1613402
41130000,accel,349309,0,1581615
41140000,accel,343801,0,1540655
41150000,accel,332870,0,1491169
41160000,accel,316689,0,1433937
41170000,accel,295515,0,1369861
41180000,accel,269680,0,1299952
41190000,accel,239591,0,1225313
41200000,accel,205725,0,1147121
41210000,accel,168614,0,1066609
41220000,accel,128844,0,985046
41230000,accel,87041,0,903718
41240000,accel,43867,0,823910
41250000,accel,0,0,746878
41260000,accel,-43867,0,673838
41270000,accel,-87041,0,605942
41280000,accel,-128844,0,544261
41290000,accel,-168614,0,489767
41300000,accel,-205725,0,443319
41310000,accel,-239591,0,405651
41320000,accel,-269680,0,377356
41330000,accel,-295515,0,358880
41340000,accel,-316689,0,350515
41350000,accel,-332870,0,352393
41360000,accel,-343801,0,364484
41370000,accel,-349309,0,386598
41380000,accel,-349309,0,418385
41390000,accel,-343801,0,459345
41400000,accel,-332870,0,508831
41410000,accel,-316689,0,566063
41420000,accel,-295515,0,630139
41430000,accel,-269680,0,700048
41440000,accel,-239591,0,774687
41450000,accel,-205725,0,852879
41460000,accel,-168614,0,933391
41470000,accel,-128844,0,1014954
41480000,accel,-87041,0,1096282
41490000,accel,-43867,0,1176090
41500000,accel,0,0,1253122
41510000,accel,43867,0,1326162
41520000,accel,87041,0,1394058
41530000,accel,128844,0,1455739
41540000,accel,168614,0,1510233
41550000,accel,205725,0,1556681
41560000,accel,239591,0,1594349
41570000,accel,269680,0,1622644
41580000,accel,295515,0,1641120
41590000,accel,316689,0,1649485
41600000,accel,332870,0,1647607
41610000,accel,343801,0,1635516
41620000,accel,349309,0,1613402
41630000,accel,349309,0,1581615
41640000,accel,343801,0,1540655
41650000,accel,332870,0,1491169
41660000,accel,316689,0,1433937
41670000,accel,295515,0,1369861
41680000,accel,269680,0,1299952
41690000,accel,239591,0,1225313
41700000,accel,205725,0,1147121
41710000,accel,168614,0,1066609
41720000,accel,128844,0,985046
41730000,accel,87041,0,903718
41740000,accel,43867,0,823910
41750000,accel,0,0,746878
41760000,accel,-43867,0,673838
41770000,accel,-87041,0,605942
41780000,accel,-128844,0,544261
41790000,accel,-168614,0,489767
41800000,accel,-205725,0,443319
41810000,accel,-239591,0,405651
41820000,accel,-269680,0,377356
41830000,accel,-295515,0,358880
41840000,accel,-316689,0,350515
41850000,accel,-332870,0,352393
41860000,accel,-343801,0,364484
41870000,accel,-349309,0,386598
41880000,accel,-349309,0,418385
41890000,accel,-343801,0,459345
41900000,accel,-332870,0,508831
41910000,accel,-316689,0,566063
41920000,accel,-295515,0,630139
41930000,accel,-269680,0,700048
41940000,accel,-239591,0,774687
41950000,accel,-205725,0,852879
41960000,accel,-168614,0,933391
41970000,accel,-128844,0,1014954
41980000,accel,-87041,0,1096282
41990000,accel,-43867,0,1176090
42000000,accel,0,0,1253122
42010000,accel,43867,0,1326162
42020000,accel,87041,0,1394058
42030000,accel,128844,0,1455739
42040000,accel,168614,0,1510233
42050000,accel,205725,0,1556681
42060000,accel,239591,0,1594349
42070000,accel,269680,0,1622644
42080000,accel,295515,0,1641120
42090000,accel,316689,0,1649485
42100000,accel,332870,0,1647607
42110000,accel,343801,0,1635516
42120000,accel,349309,0,1613402
42130000,accel,349309,0,1581615
42140000,accel,343801,0,1540655
42150000,accel,332870,0,1491169
42160000,accel,316689,0,1433937
42170000,accel,295515,0,1369861
42180000,accel,269680,0,1299952
42190000,accel,239591,0,1225313
42200000,accel,205725,0,1147121
42210000,accel,168614,0,1066609
42220000,accel,128844,0,985046
42230000,accel,87041,0,903718
42240000,accel,43867,0,823910
42250000,accel,0,0,746878
42260000,accel,-43867,0,673838
42270000,accel,-87041,0,605942
42280000,accel,-128844,0,544261
42290000,accel,-168614,0,489767
42300000,accel,-205725,0,443319
42310000,accel,-239591,0,405651
42320000,accel,-269680,0,377356
42330000,accel,-295515,0,358880
42340000,accel,-316689,0,350515
42350000,accel,-332870,0,352393
42360000,accel,-343801,0,364484
42370000,accel,-349309,0,386598
42380000,accel,-349309,0,418385
42390000,accel,-343801,0,459345
42400000,accel,-332870,0,508831
42410000,accel,-316689,0,566063
42420000,accel,-295515,0,630139
42430000,accel,-269680,0,700048
42440000,accel,-239591,0,774687
42450000,accel,-205725,0,852879
42460000,accel,-168614,0,933391
42470000,accel,-128844,0,1014954
42480000,accel,-87041,0,1096282
42490000,accel,-43867,0,1176090
42500000,accel,0,0,1253122
42510000,accel,43867,0,1326162
42520000,accel,87041,0,1394058
42530000,accel,128844,0,1455739
42540000,accel,168614,0,1510233
42550000,accel,205725,0,1556681
42560000,accel,239591,0,1594349
42570000,accel,269680,0,1622644
42580000,accel,295515,0,1641120
42590000,accel,316689,0,1649485
42600000,accel,332870,0,1647607
42610000,accel,343801,0,1635516
42620000,accel,349309,0,1613402
42630000,accel,349309,0,1581615
42640000,accel,343801,0,1540655
42650000,accel,332870,0,1491169
42660000,accel,316689,0,1433937
42670000,accel,295515,0,1369861
42680000,accel,269680,0,1299952
42690000,accel,239591,0,1225313
42700000,accel,205725,0,1147121
42710000,accel,168614,0,1066609
42720000,accel,128844,0,985046
42730000,accel,87041,0,903718
42740000,accel,43867,0,823910
42750000,accel,0,0,746878
42760000,accel,-43867,0,673838
42770000,accel,-87041,0,605942
42780000,accel,-128844,0,544261
42790000,accel,-168614,0,489767
42800000,accel,-205725,0,443319
42810000,accel,-239591,0,405651
42820000,accel,-269680,0,377356
42830000,accel,-295515,0,358880
42840000,accel,-316689,0,350515
42850000,accel,-332870,0,352393
42860000,accel,-343801,0,364484
42870000,accel,-349309,0,386598
42880000,accel,-349309,0,418385
42890000,accel,-343801,0,459345
42900000,accel,-332870,0,508831
42910000,accel,-316689,0,566063
42920000,accel,-295515,0,630139
42930000,accel,-269680,0,700048
42940000,accel,-239591,0,774687
42950000,accel,-205725,0,852879
42960000,accel,-168614,0,933391
42970000,accel,-128844,0,1014954
42980000,accel,-87041,0,1096282
42990000,accel,-43867,0,1176090
43000000,accel,0,0,1253122
43010000,accel,43867,0,1326162
43020000,accel,87041,0,1394058
43030000,accel,128844,0,1455739
43040000,accel,168614,0,1510233
43050000,accel,205725,0,1556681
43060000,accel,239591,0,1594349
43070000,accel,269680,0,1622644
43080000,accel,295515,0,1641120
43090000,accel,316689,0,1649485
43100000,accel,332870,0,1647607
43110000,accel,343801,0,1635516
43120000,accel,349309,0,1613402
43130000,accel,349309,0,1581615
43140000,accel,343801,0,1540655
43150000,accel,332870,0,1491169
43160000,accel,316689,0,1433937
43170000,accel,295515,0,1369861
43180000,accel,269680,0,1299952
43190000,accel,239591,0,1225313
43200000,accel,205725,0,1147121
43210000,accel,168614,0,1066609
43220000,accel,128844,0,985046
43230000,accel,87041,0,903718
43240000,accel,43867,0,823910
43250000,accel,0,0,746878
43260000,accel,-43867,0,673838
43270000,accel,-87041,0,605942
43280000,accel,-128844,0,544261
43290000,accel,-168614,0,489767
43300000,accel,-205725,0,443319
43310000,accel,-239591,0,405651
43320000,accel,-269680,0,377356
43330000,accel,-295515,0,358880
43340000,accel,-316689,0,350515
43350000,accel,-332870,0,352393
43360000,accel,-343801,0,364484
43370000,accel,-349309,0,386598
43380000,accel,-349309,0,418385
43390000,accel,-343801,0,459345
43400000,accel,-332870,0,508831
43410000,accel,-316689,0,566063
43420000,accel,-295515,0,630139
43430000,accel,-269680,0,700048
43440000,accel,-239591,0,774687
43450000,accel,-205725,0,852879
43460000,accel,-168614,0,933391
43470000,accel,-128844,0,1014954
43480000,accel,-87041,0,1096282
43490000,accel,-43867,0,1176090
43500000,accel,0,0,1253122
43510000,accel,43867,0,1326162
43520000,accel,87041,0,1394058
43530000,accel,128844,0,1455739
43540000,accel,168614,0,1510233
43550000,accel,205725,0,1556681
43560000,accel,239591,0,1594349
43570000,accel,269680,0,1622644
43580000,accel,295515,0,1641120
43590000,accel,316689,0,1649485
43600000,accel,332870,0,1647607
43610000,accel,343801,0,1635516
43620000,accel,349309,0,1613402
43630000,accel,349309,0,1581615
43640000,accel,343801,0,1540655
43650000,accel,332870,0,1491169
43660000,accel,316689,0,1433937
43670000,accel,295515,0,1369861
43680000,accel,269680,0,1299952
43690000,accel,239591,0,1225313
43700000,accel,205725,0,1147121
43710000,accel,168614,0,1066609
43720000,accel,128844,0,985046
43730000,accel,87041,0,903718
43740000,accel,43867,0,823910
43750000,accel,0,0,746878
43760000,accel,-43867,0,673838
43770000,accel,-87041,0,605942
43780000,accel,-128844,0,544261
43790000,accel,-168614,0,489767
43800000,accel,-205725,0,443319
43810000,accel,-239591,0,405651
43820000,accel,-269680,0,377356
43830000,accel,-295515,0,358880
43840000,accel,-316689,0,350515
43850000,accel,-332870,0,352393
43860000,accel,-343801,0,364484
43870000,accel,-349309,0,386598
43880000,accel,-349309,0,418385
43890000,accel,-343801,0,459345
43900000,accel,-332870,0,508831
43910000,accel,-316689,0,566063
43920000,accel,-295515,0,630139
43930000,accel,-269680,0,700048
43940000,accel,-239591,0,774687
43950000,accel,-205725,0,852879
43960000,accel,-168614,0,933391
43970000,accel,-128844,0,1014954
43980000,accel,-87041,0,1096282
43990000,accel,-43867,0,1176090
44000000,accel,0,0,1253122
44010000,accel,43867,0,1326162
44020000,accel,87041,0,1394058
44030000,accel,128844,0,1455739
44040000,accel,168614,0,1510233
44050000,accel,205725,0,1556681
44060000,accel,239591,0,1594349
44070000,accel,269680,0,1622644
44080000,accel,295515,0,1641120
44090000,accel,316689,0,1649485
44100000,accel,332870,0,1647607
44110000,accel,343801,0,1635516
44120000,accel,349309,0,1613402
44130000,accel,349309,0,1581615
44140000,accel,343801,0,1540655
44150000,accel,332870,0,1491169
44160000,accel,316689,0,1433937
44170000,accel,295515,0,1369861
44180000,accel,269680,0,1299952
44190000,accel,239591,0,1225313
44200000,accel,205725,0,1147121
44210000,accel,168614,0,1066609
44220000,accel,128844,0,985046
44230000,accel,87041,0,903718
44240000,accel,43867,0,823910
44250000,accel,0,0,746878
44260000,accel,-43867,0,673838
44270000,accel,-87041,0,605942
44280000,accel,-128844,0,544261
44290000,accel,-168614,0,489767
44300000,accel,-205725,0,443319
44310000,accel,-239591,0,405651
44320000,accel,-269680,0,377356
44330000,accel,-295515,0,358880
44340000,accel,-316689,0,350515
44350000,accel,-332870,0,352393
44360000,accel,-343801,0,364484
44370000,accel,-349309,0,386598
44380000,accel,-349309,0,418385
44390000,accel,-343801,0,459345
44400000,accel,-332870,0,508831
44410000,accel,-316689,0,566063
44420000,accel,-295515,0,630139
44430000,accel,-269680,0,700048
44440000,accel,-239591,0,774687
44450000,accel,-205725,0,852879
44460000,accel,-168614,0,933391
44470000,accel,-128844,0,1014954
44480000,accel,-87041,0,1096282
44490000,accel,-43867,0,1176090
44500000,accel,0,0,1253122
44510000,accel,43867,0,1326162
44520000,accel,87041,0,1394058
44530000,accel,128844,0,1455739
44540000,accel,168614,0,1510233
44550000,accel,205725,0,1556681
44560000,accel,239591,0,1594349
44570000,accel,269680,0,1622644
44580000,accel,295515,0,1641120
44590000,accel,316689,0,1649485
44600000,accel,332870,0,1647607
44610000,accel,343801,0,1635516
44620000,accel,349309,0,1613402
44630000,accel,349309,0,1581615
44640000,accel,343801,0,1540655
44650000,accel,332870,0,1491169
44660000,accel,316689,0,1433937
44670000,accel,295515,0,1369861
44680000,accel,269680,0,1299952
44690000,accel,239591,0,1225313
44700000,accel,205725,0,1147121
44710000,accel,168614,0,1066609
44720000,accel,128844,0,985046
44730000,accel,87041,0,903718
44740000,accel,43867,0,823910
44750000,accel,0,0,746878
44760000,accel,-43867,0,673838
44770000,accel,-87041,0,605942
44780000,accel,-128844,0,544261
44790000,accel,-168614,0,489767
44800000,accel,-205725,0,443319
44810000,accel,-239591,0,405651
44820000,accel,-269680,0,377356
44830000,accel,-295515,0,358880
44840000,accel,-316689,0,350515
44850000,accel,-332870,0,352393
44860000,accel,-343801,0,364484
44870000,accel,-349309,0,386598
44880000,accel,-349309,0,418385
44890000,accel,-343801,0,459345
44900000,accel,-332870,0,508831
44910000,accel,-316689,0,566063
44920000,accel,-295515,0,630139
44930000,accel,-269680,0,700048
44940000,accel,-239591,0,774687
44950000,accel,-205725,0,852879
44960000,accel,-168614,0,933391
44970000,accel,-128844,0,1014954
44980000,accel,-87041,0,1096282
44990000,accel,-43867,0,1176090
45000000,accel,0,0,1253122
45010000,accel,43867,0,1326162
45020000,accel,87041,0,1394058
45030000,accel,128844,0,1455739
45040000,accel,168614,0,1510233
45050000,accel,205725,0,1556681
45060000,accel,239591,0,1594349
45070000,accel,269680,0,1622644
45080000,accel,295515,0,1641120
45090000,accel,316689,0,1649485
45100000,accel,332870,0,1647607
45110000,accel,343801,0,1635516
45120000,accel,349309,0,1613402
45130000,accel,349309,0,1581615
45140000,accel,343801,0,1540655
45150000,accel,332870,0,1491169
45160000,accel,316689,0,1433937
45170000,accel,295515,0,1369861
45180000,accel,269680,0,1299952
45190000,accel,239591,0,1225313
45200000,accel,205725,0,1147121
45210000,accel,168614,0,1066609
45220000,accel,128844,0,985046
45230000,accel,87041,0,903718
45240000,accel,43867,0,823910
45250000,accel,0,0,746878
45260000,accel,-43867,0,673838
45270000,accel,-87041,0,605942
45280000,accel,-128844,0,544261
45290000,accel,-168614,0,489767
45300000,accel,-205725,0,443319
45310000,accel,-239591,0,405651
45320000,accel,-269680,0,377356
45330000,accel,-295515,0,358880
45340000,accel,-316689,0,350515
45350000,accel,-332870,0,352393
45360000,accel,-343801,0,364484
45370000,accel,-349309,0,386598
45380000,accel,-349309,0,418385
45390000,accel,-343801,0,459345
45400000,accel,-332870,0,508831
45410000,accel,-316689,0,566063
45420000,accel,-295515,0,630139
45430000,accel,-269680,0,700048
45440000,accel,-239591,0,774687
45450000,accel,-205725,0,852879
45460000,accel,-168614,0,933391
45470000,accel,-128844,0,1014954
45480000,accel,-87041,0,1096282
45490000,accel,-43867,0,1176090
45500000,accel,0,0,1253122
45510000,accel,43867,0,1326162
45520000,accel,87041,0,1394058
45530000,accel,128844,0,1455739
45540000,accel,168614,0,1510233
45550000,accel,205725,0,1556681
45560000,accel,239591,0,1594349
45570000,accel,269680,0,1622644
45580000,accel,295515,0,1641120
45590000,accel,316689,0,1649485
45600000,accel,332870,0,1647607
45610000,accel,343801,0,1635516
45620000,accel,349309,0,1613402
45630000,accel,349309,0,1581615
45640000,accel,343801,0,1540655
45650000,accel,332870,0,1491169
45660000,accel,316689,0,1433937
45670000,accel,295515,0,1369861
45680000,accel,269680,0,1299952
45690000,accel,239591,0,1225313
45700000,accel,205725,0,1147121
45710000,accel,168614,0,1066609
45720000,accel,128844,0,985046
45730000,accel,87041,0,903718
45740000,accel,43867,0,823910
45750000,accel,0,0,746878
45760000,accel,-43867,0,673838
45770000,accel,-87041,0,605942
45780000,accel,-128844,0,544261
45790000,accel,-168614,0,489767
45800000,accel,-205725,0,443319
45810000,accel,-239591,0,405651
45820000,accel,-269680,0,377356
45830000,accel,-295515,0,358880
45840000,accel,-316689,0,350515
45850000,accel,-332870,0,352393
45860000,accel,-343801,0,364484
45870000,accel,-349309,0,386598
45880000,accel,-349309,0,418385
45890000,accel,-343801,0,459345
45900000,accel,-332870,0,508831
45910000,accel,-316689,0,566063
45920000,accel,-295515,0,630139
45930000,accel,-269680,0,700048
45940000,accel,-239591,0,774687
45950000,accel,-205725,0,852879
45960000,accel,-168614,0,933391
45970000,accel,-128844,0,1014954
45980000,accel,-87041,0,1096282
45990000,accel,-43867,0,1176090
46000000,accel,0,0,1253122
46010000,accel,43867,0,1326162
46020000,accel,87041,0,1394058
46030000,accel,128844,0,1455739
46040000,accel,168614,0,1510233
46050000,accel,205725,0,1556681
46060000,accel,239591,0,1594349
46070000,accel,269680,0,1622644
46080000,accel,295515,0,1641120
46090000,accel,316689,0,1649485
46100000,accel,332870,0,1647607
46110000,accel,343801,0,1635516
46120000,accel,349309,0,1613402
46130000,accel,349309,0,1581615
46140000,accel,343801,0,1540655
46150000,accel,332870,0,1491169
46160000,accel,316689,0,1433937
46170000,accel,295515,0,1369861
46180000,accel,269680,0,1299952
46190000,accel,239591,0,1225313
46200000,accel,205725,0,1147121
46210000,accel,168614,0,1066609
46220000,accel,128844,0,985046
46230000,accel,87041,0,903718
46240000,accel,43867,0,823910
46250000,accel,0,0,746878
46260000,accel,-43867,0,673838
46270000,accel,-87041,0,605942
46280000,accel,-128844,0,544261
46290000,accel,-168614,0,489767
46300000,accel,-205725,0,443319
46310000,accel,-239591,0,405651
46320000,accel,-269680,0,377356
46330000,accel,-295515,0,358880
46340000,accel,-316689,0,350515
46350000,accel,-332870,0,352393
46360000,accel,-343801,0,364484
46370000,accel,-349309,0,386598
46380000,accel,-349309,0,418385
46390000,accel,-343801,0,459345
46400000,accel,-332870,0,508831
46410000,accel,-316689,0,566063
46420000,accel,-295515,0,630139
46430000,accel,-269680,0,700048
46440000,accel,-239591,0,774687
46450000,accel,-205725,0,852879
46460000,accel,-168614,0,933391
46470000,accel,-128844,0,1014954
46480000,accel,-87041,0,1096282
46490000,accel,-43867,0,1176090
46500000,accel,0,0,1253122
46510000,accel,43867,0,1326162
46520000,accel,87041,0,1394058
46530000,accel,128844,0,1455739
46540000,accel,168614,0,1510233
46550000,accel,205725,0,1556681
46560000,accel,239591,0,1594349
46570000,accel,269680,0,1622644
46580000,accel,295515,0,1641120
46590000,accel,316689,0,1649485
46600000,accel,332870,0,1647607
46610000,accel,343801,0,1635516
46620000,accel,349309,0,1613402
46630000,accel,349309,0,1581615
46640000,accel,343801,0,1540655
46650000,accel,332870,0,1491169
46660000,accel,316689,0,1433937
46670000,accel,295515,0,1369861
46680000,accel,269680,0,1299952
46690000,accel,239591,0,1225313
46700000,accel,205725,0,1147121
46710000,accel,168614,0,1066609
46720000,accel,128844,0,985046
46730000,accel,87041,0,903718
46740000,accel,43867,0,823910
46750000,accel,0,0,746878
46760000,accel,-43867,0,673838
46770000,accel,-87041,0,605942
46780000,accel,-128844,0,544261
46790000,accel,-168614,0,489767
46800000,accel,-205725,0,443319
46810000,accel,-239591,0,405651
46820000,accel,-269680,0,377356
46830000,accel,-295515,0,358880
46840000,accel,-316689,0,350515
46850000,accel,-332870,0,352393
46860000,accel,-343801,0,364484
46870000,accel,-349309,0,386598
46880000,accel,-349309,0,418385
46890000,accel,-343801,0,459345
46900000,accel,-332870,0,508831
46910000,accel,-316689,0,566063
46920000,accel,-295515,0,630139
46930000,accel,-269680,0,700048
46940000,accel,-239591,0,774687
46950000,accel,-205725,0,852879
46960000,accel,-168614,0,933391
46970000,accel,-128844,0,1014954
46980000,accel,-87041,0,1096282
46990000,accel,-43867,0,1176090
47000000,accel,0,0,1253122
47010000,accel,43867,0,1326162
47020000,accel,87041,0,1394058
47030000,accel,128844,0,1455739
47040000,accel,168614,0,1510233
47050000,accel,205725,0,1556681
47060000,accel,239591,0,1594349
47070000,accel,269680,0,1622644
47080000,accel,295515,0,1641120
47090000,accel,316689,0,1649485
47100000,accel,332870,0,1647607
47110000,accel,343801,0,1635516
47120000,accel,349309,0,1613402
47130000,accel,349309,0,1581615
47140000,accel,343801,0,1540655
47150000,accel,332870,0,1491169
47160000,accel,316689,0,1433937
47170000,accel,295515,0,1369861
47180000,accel,269680,0,1299952
47190000,accel,239591,0,1225313
47200000,accel,205725,0,1147121
47210000,accel,168614,0,1066609
47220000,accel,128844,0,985046
47230000,accel,87041,0,903718
47240000,accel,43867,0,823910
47250000,accel,0,0,746878
47260000,accel,-43867,0,673838
47270000,accel,-87041,0,605942
47280000,accel,-128844,0,544261
47290000,accel,-168614,0,489767
47300000,accel,-205725,0,443319
47310000,accel,-239591,0,405651
47320000,accel,-269680,0,377356
47330000,accel,-295515,0,358880
47340000,accel,-316689,0,350515
47350000,accel,-332870,0,352393
47360000,accel,-343801,0,364484
47370000,accel,-349309,0,386598
47380000,accel,-349309,0,418385
47390000,accel,-343801,0,459345
47400000,accel,-332870,0,508831
47410000,accel,-316689,0,566063
47420000,accel,-295515,0,630139
47430000,accel,-269680,0,700048
47440000,accel,-239591,0,774687
47450000,accel,-205725,0,852879
47460000,accel,-168614,0,933391
47470000,accel,-128844,0,1014954
47480000,accel,-87041,0,1096282
47490000,accel,-43867,0,1176090
47500000,accel,0,0,1253122
47510000,accel,43867,0,1326162
47520000,accel,87041,0,1394058
47530000,accel,128844,0,1455739
47540000,accel,168614,0,1510233
47550000,accel,205725,0,1556681
47560000,accel,239591,0,1594349
47570000,accel,269680,0,1622644
47580000,accel,295515,0,1641120
47590000,accel,316689,0,1649485
47600000,accel,332870,0,1647607
47610000,accel,343801,0,1635516
47620000,accel,349309,0,1613402
47630000,accel,349309,0,1581615
47640000,accel,343801,0,1540655
47650000,accel,332870,0,1491169
47660000,accel,316689,0,1433937
47670000,accel,295515,0,1369861
47680000,accel,269680,0,1299952
47690000,accel,239591,0,1225313
47700000,accel,205725,0,1147121
47710000,accel,168614,0,1066609
47720000,accel,128844,0,985046
47730000,accel,87041,0,903718
47740000,accel,43867,0,823910
47750000,accel,0,0,746878
47760000,accel,-43867,0,673838
47770000,accel,-87041,0,605942
47780000,accel,-128844,0,544261
47790000,accel,-168614,0,489767
47800000,accel,-205725,0,443319
47810000,accel,-239591,0,405651
47820000,accel,-269680,0,377356
47830000,accel,-295515,0,358880
47840000,accel,-316689,0,350515
47850000,accel,-332870,0,352393
47860000,accel,-343801,0,364484
47870000,accel,-349309,0,386598
47880000,accel,-349309,0,418385
47890000,accel,-343801,0,459345
47900000,accel,-332870,0,508831
47910000,accel,-316689,0,566063
47920000,accel,-295515,0,630139
47930000,accel,-269680,0,700048
47940000,accel,-239591,0,774687
47950000,accel,-205725,0,852879
47960000,accel,-168614,0,933391
47970000,accel,-128844,0,1014954
47980000,accel,-87041,0,1096282
47990000,accel,-43867,0,1176090
48000000,accel,0,0,1253122
48010000,accel,43867,0,1326162
48020000,accel,87041,0,1394058
48030000,accel,128844,0,1455739
48040000,accel,168614,0,1510233
48050000,accel,205725,0,1556681
48060000,accel,239591,0,1594349
48070000,accel,269680,0,1622644
48080000,accel,295515,0,1641120
48090000,accel,316689,0,1649485
48100000,accel,332870,0,1647607
48110000,accel,343801,0,1635516
48120000,accel,349309,0,1613402
48130000,accel,349309,0,1581615
48140000,accel,343801,0,1540655
48150000,accel,332870,0,1491169
48160000,accel,316689,0,1433937
48170000,accel,295515,0,1369861
48180000,accel,269680,0,1299952
48190000,accel,239591,0,1225313
48200000,accel,205725,0,1147121
48210000,accel,168614,0,1066609
48220000,accel,128844,0,985046
48230000,accel,87041,0,903718
48240000,accel,43867,0,823910
48250000,accel,0,0,746878
48260000,accel,-43867,0,673838
48270000,accel,-87041,0,605942
48280000,accel,-128844,0,544261
48290000,accel,-168614,0,489767
48300000,accel,-205725,0,443319
48310000,accel,-239591,0,405651
48320000,accel,-269680,0,377356
48330000,accel,-295515,0,358880
48340000,accel,-316689,0,350515
48350000,accel,-332870,0,352393
48360000,accel,-343801,0,364484
48370000,accel,-349309,0,386598
48380000,accel,-349309,0,418385
48390000,accel,-343801,0,459345
48400000,accel,-332870,0,508831
48410000,accel,-316689,0,566063
48420000,accel,-295515,0,630139
48430000,accel,-269680,0,700048
48440000,accel,-239591,0,774687
48450000,accel,-205725,0,852879
48460000,accel,-168614,0,933391
48470000,accel,-128844,0,1014954
48480000,accel,-87041,0,1096282
48490000,accel,-43867,0,1176090
48500000,accel,0,0,1253122
48510000,accel,43867,0,1326162
48520000,accel,87041,0,1394058
48530000,accel,128844,0,1455739
48540000,accel,168614,0,1510233
48550000,accel,205725,0,1556681
48560000,accel,239591,0,1594349
48570000,accel,269680,0,1622644
48580000,accel,295515,0,1641120
48590000,accel,316689,0,1649485
48600000,accel,332870,0,1647607
48610000,accel,343801,0,1635516
48620000,accel,349309,0,1613402
48630000,accel,349309,0,1581615
48640000,accel,343801,0,1540655
48650000,accel,332870,0,1491169
48660000,accel,316689,0,1433937
48670000,accel,295515,0,1369861
48680000,accel,269680,0,1299952
48690000,accel,239591,0,1225313
48700000,accel,205725,0,1147121
48710000,accel,168614,0,1066609
48720000,accel,128844,0,985046
48730000,accel,87041,0,903718
48740000,accel,43867,0,823910
48750000,accel,0,0,746878
48760000,accel,-43867,0,673838
48770000,accel,-87041,0,605942
48780000,accel,-128844,0,544261
48790000,accel,-168614,0,489767
48800000,accel,-205725,0,443319
48810000,accel,-239591,0,405651
48820000,accel,-269680,0,377356
48830000,accel,-295515,0,358880
48840000,accel,-316689,0,350515
48850000,accel,-332870,0,352393
48860000,accel,-343801,0,364484
48870000,accel,-349309,0,386598
48880000,accel,-349309,0,418385
48890000,accel,-343801,0,459345
48900000,accel,-332870,0,508831
48910000,accel,-316689,0,566063
48920000,accel,-295515,0,630139
48930000,accel,-269680,0,700048
48940000,accel,-239591,0,774687
48950000,accel,-205725,0,852879
48960000,accel,-168614,0,933391
48970000,accel,-128844,0,1014954
48980000,accel,-87041,0,1096282
48990000,accel,-43867,0,1176090
49000000,accel,0,0,1253122
49010000,accel,43867,0,1326162
49020000,accel,87041,0,1394058
49030000,accel,128844,0,1455739
49040000,accel,168614,0,1510233
49050000,accel,205725,0,1556681
49060000,accel,239591,0,1594349
49070000,accel,269680,0,1622644
49080000,accel,295515,0,1641120
49090000,accel,316689,0,1649485
49100000,accel,332870,0,1647607
49110000,accel,343801,0,1635516
49120000,accel,349309,0,1613402
49130000,accel,349309,0,1581615
49140000,accel,343801,0,1540655
49150000,accel,332870,0,1491169
49160000,accel,316689,0,1433937
49170000,accel,295515,0,1369861
49180000,accel,269680,0,1299952
49190000,accel,239591,0,1225313
49200000,accel,205725,0,1147121
49210000,accel,168614,0,1066609
49220000,accel,128844,0,985046
49230000,accel,87041,0,903718
49240000,accel,43867,0,823910
49250000,accel,0,0,746878
49260000,accel,-43867,0,673838
49270000,accel,-87041,0,605942
49280000,accel,-128844,0,544261
49290000,accel,-168614,0,489767
49300000,accel,-205725,0,443319
49310000,accel,-239591,0,405651
49320000,accel,-269680,0,377356
49330000,accel,-295515,0,358880
49340000,accel,-316689,0,350515
49350000,accel,-332870,0,352393
49360000,accel,-343801,0,364484
49370000,accel,-349309,0,386598
49380000,accel,-349309,0,418385
49390000,accel,-343801,0,459345
49400000,accel,-332870,0,508831
49410000,accel,-316689,0,566063
49420000,accel,-295515,0,630139
49430000,accel,-269680,0,700048
49440000,accel,-239591,0,774687
49450000,accel,-205725,0,852879
49460000,accel,-168614,0,933391
49470000,accel,-128844,0,1014954
49480000,accel,-87041,0,1096282
49490000,accel,-43867,0,1176090
49500000,accel,0,0,1253122
49510000,accel,43867,0,1326162
49520000,accel,87041,0,1394058
49530000,accel,128844,0,1455739
49540000,accel,168614,0,1510233
49550000,accel,205725,0,1556681
49560000,accel,239591,0,1594349
49570000,accel,269680,0,1622644
49580000,accel,295515,0,1641120
49590000,accel,316689,0,1649485
49600000,accel,332870,0,1647607
49610000,accel,343801,0,1635516
49620000,accel,349309,0,1613402
49630000,accel,349309,0,1581615
49640000,accel,343801,0,1540655
49650000,accel,332870,0,1491169
49660000,accel,316689,0,1433937
49670000,accel,295515,0,1369861
49680000,accel,269680,0,1299952
49690000,accel,239591,0,1225313
49700000,accel,205725,0,1147121
49710000,accel,168614,0,1066609
49720000,accel,128844,0,985046
49730000,accel,87041,0,903718
49740000,accel,43867,0,823910
49750000,accel,0,0,746878
49760000,accel,-43867,0,673838
49770000,accel,-87041,0,605942
49780000,accel,-128844,0,544261
49790000,accel,-168614,0,489767
49800000,accel,-205725,0,443319
49810000,accel,-239591,0,405651
49820000,accel,-269680,0,377356
49830000,accel,-295515,0,358880
49840000,accel,-316689,0,350515
49850000,accel,-332870,0,352393
49860000,accel,-343801,0,364484
49870000,accel,-349309,0,386598
49880000,accel,-349309,0,418385
49890000,accel,-343801,0,459345
49900000,accel,-332870,0,508831
49910000,accel,-316689,0,566063
49920000,accel,-295515,0,630139
49930000,accel,-269680,0,700048
49940000,accel,-239591,0,774687
49950000,accel,-205725,0,852879
49960000,accel,-168614,0,933391
49970000,accel,-128844,0,1014954
49980000,accel,-87041,0,1096282
49990000,accel,-43867,0,1176090
50000000,accel,0,0,1253122
50010000,accel,43867,0,1326162
50020000,accel,87041,0,1394058
50030000,accel,128844,0,1455739
50040000,accel,168614,0,1510233
50050000,accel,205725,0,1556681
50060000,accel,239591,0,1594349
50070000,accel,269680,0,1622644
50080000,accel,295515,0,1641120
50090000,accel,316689,0,1649485
50100000,accel,332870,0,1647607
50110000,accel,343801,0,1635516
50120000,accel,349309,0,1613402
50130000,accel,349309,0,1581615
50140000,accel,343801,0,1540655
50150000,accel,332870,0,1491169
50160000,accel,316689,0,1433937
50170000,accel,295515,0,1369861
50180000,accel,269680,0,1299952
50190000,accel,239591,0,1225313
50200000,accel,205725,0,1147121
50210000,accel,168614,0,1066609
50220000,accel,128844,0,985046
50230000,accel,87041,0,903718
50240000,accel,43867,0,823910
50250000,accel,0,0,746878
50260000,accel,-43867,0,673838
50270000,accel,-87041,0,605942
50280000,accel,-128844,0,544261
50290000,accel,-168614,0,489767
50300000,accel,-205725,0,443319
50310000,accel,-239591,0,405651
50320000,accel,-269680,0,377356
50330000,accel,-295515,0,358880
50340000,accel,-316689,0,350515
50350000,accel,-332870,0,352393
50360000,accel,-343801,0,364484
50370000,accel,-349309,0,386598
50380000,accel,-349309,0,418385
50390000,accel,-343801,0,459345
50400000,accel,-332870,0,508831
50410000,accel,-316689,0,566063
50420000,accel,-295515,0,630139
50430000,accel,-269680,0,700048
50440000,accel,-239591,0,774687
50450000,accel,-205725,0,852879
50460000,accel,-168614,0,933391
50470000,accel,-128844,0,1014954
50480000,accel,-87041,0,1096282
50490000,accel,-43867,0,1176090
50500000,accel,0,0,1253122
50510000,accel,43867,0,1326162
50520000,accel,87041,0,1394058
50530000,accel,128844,0,1455739
50540000,accel,168614,0,1510233
50550000,accel,205725,0,1556681
50560000,accel,239591,0,1594349
50570000,accel,269680,0,1622644
50580000,accel,295515,0,1641120
50590000,accel,316689,0,1649485
50600000,accel,332870,0,1647607
50610000,accel,343801,0,1635516
50620000,accel,349309,0,1613402
50630000,accel,349309,0,1581615
50640000,accel,343801,0,1540655
50650000,accel,332870,0,1491169
50660000,accel,316689,0,1433937
50670000,accel,295515,0,1369861
50680000,accel,269680,0,1299952
50690000,accel,239591,0,1225313
50700000,accel,205725,0,1147121
50710000,accel,168614,0,1066609
50720000,accel,128844,0,985046
50730000,accel,87041,0,903718
50740000,accel,43867,0,823910
50750000,accel,0,0,746878
50760000,accel,-43867,0,673838
50770000,accel,-87041,0,605942
50780000,accel,-128844,0,544261
50790000,accel,-168614,0,489767
50800000,accel,-205725,0,443319
50810000,accel,-239591,0,405651
50820000,accel,-269680,0,377356
50830000,accel,-295515,0,358880
50840000,accel,-316689,0,350515
50850000,accel,-332870,0,352393
50860000,accel,-343801,0,364484
50870000,accel,-349309,0,386598
50880000,accel,-349309,0,418385
50890000,accel,-343801,0,459345
50900000,accel,-332870,0,508831
50910000,accel,-316689,0,566063
50920000,accel,-295515,0,630139
50930000,accel,-269680,0,700048
50940000,accel,-239591,0,774687
50950000,accel,-205725,0,852879
50960000,accel,-168614,0,933391
50970000,accel,-128844,0,1014954
50980000,accel,-87041,0,1096282
50990000,accel,-43867,0,1176090
51000000,accel,0,0,1253122
51010000,accel,43867,0,1326162
51020000,accel,87041,0,1394058
51030000,accel,128844,0,1455739
51040000,accel,168614,0,1510233
51050000,accel,205725,0,1556681
51060000,accel,239591,0,1594349
51070000,accel,269680,0,1622644
51080000,accel,295515,0,1641120
51090000,accel,316689,0,1649485
51100000,accel,332870,0,1647607
51110000,accel,343801,0,1635516
51120000,accel,349309,0,1613402
51130000,accel,349309,0,1581615
51140000,accel,343801,0,1540655
51150000,accel,332870,0,1491169
51160000,accel,316689,0,1433937
51170000,accel,295515,0,1369861
51180000,accel,269680,0,1299952
51190000,accel,239591,0,1225313
51200000,accel,205725,0,1147121
51210000,accel,168614,0,1066609
51220000,accel,128844,0,985046
51230000,accel,87041,0,903718
51240000,accel,43867,0,823910
51250000,accel,0,0,746878
51260000,accel,-43867,0,673838
51270000,accel,-87041,0,605942
51280000,accel,-128844,0,544261
51290000,accel,-168614,0,489767
51300000,accel,-205725,0,443319
51310000,accel,-239591,0,405651
51320000,accel,-269680,0,377356
51330000,accel,-295515,0,358880
51340000,accel,-316689,0,350515
51350000,accel,-332870,0,352393
51360000,accel,-343801,0,364484
51370000,accel,-349309,0,386598
51380000,accel,-349309,0,418385
51390000,accel,-343801,0,459345
51400000,accel,-332870,0,508831
51410000,accel,-316689,0,566063
51420000,accel,-295515,0,630139
51430000,accel,-269680,0,700048
51440000,accel,-239591,0,774687
51450000,accel,-205725,0,852879
51460000,accel,-168614,0,933391
51470000,accel,-128844,0,1014954
51480000,accel,-87041,0,1096282
51490000,accel,-43867,0,1176090
51500000,accel,0,0,1253122
51510000,accel,43867,0,1326162
51520000,accel,87041,0,1394058
51530000,accel,128844,0,1455739
51540000,accel,168614,0,1510233
51550000,accel,205725,0,1556681
51560000,accel,239591,0,1594349
51570000,accel,269680,0,1622644
51580000,accel,295515,0,1641120
51590000,accel,316689,0,1649485
51600000,accel,332870,0,1647607
51610000,accel,343801,0,1635516
51620000,accel,349309,0,1613402
51630000,accel,349309,0,1581615
51640000,accel,343801,0,1540655
51650000,accel,332870,0,1491169
51660000,accel,316689,0,1433937
51670000,accel,295515,0,1369861
51680000,accel,269680,0,1299952
51690000,accel,239591,0,1225313
51700000,accel,205725,0,1147121
51710000,accel,168614,0,1066609
51720000,accel,128844,0,985046
51730000,accel,87041,0,903718
51740000,accel,43867,0,823910
51750000,accel,0,0,746878
51760000,accel,-43867,0,673838
51770000,accel,-87041,0,605942
51780000,accel,-128844,0,544261
51790000,accel,-168614,0,489767
51800000,accel,-205725,0,443319
51810000,accel,-239591,0,405651
51820000,accel,-269680,0,377356
51830000,accel,-295515,0,358880
51840000,accel,-316689,0,350515
51850000,accel,-332870,0,352393
51860000,accel,-343801,0,364484
51870000,accel,-349309,0,386598
51880000,accel,-349309,0,418385
51890000,accel,-343801,0,459345
51900000,accel,-332870,0,508831
51910000,accel,-316689,0,566063
51920000,accel,-295515,0,630139
51930000,accel,-269680,0,700048
51940000,accel,-239591,0,774687
51950000,accel,-205725,0,852879
51960000,accel,-168614,0,933391
51970000,accel,-128844,0,1014954
51980000,accel,-87041,0,1096282
51990000,accel,-43867,0,1176090
52000000,accel,0,0,1253122
52010000,accel,43867,0,1326162
52020000,accel,87041,0,1394058
52030000,accel,128844,0,1455739
52040000,accel,168614,0,1510233
52050000,accel,205725,0,1556681
52060000,accel,239591,0,1594349
52070000,accel,269680,0,1622644
52080000,accel,295515,0,1641120
52090000,accel,316689,0,1649485
52100000,accel,332870,0,1647607
52110000,accel,343801,0,1635516
52120000,accel,349309,0,1613402
52130000,accel,349309,0,1581615
52140000,accel,343801,0,1540655
52150000,accel,332870,0,1491169
52160000,accel,316689,0,1433937
52170000,accel,295515,0,1369861
52180000,accel,269680,0,1299952
52190000,accel,239591,0,1225313
52200000,accel,205725,0,1147121
52210000,accel,168614,0,1066609
52220000,accel,128844,0,985046
52230000,accel,87041,0,903718
52240000,accel,43867,0,823910
52250000,accel,0,0,746878
52260000,accel,-43867,0,673838
52270000,accel,-87041,0,605942
52280000,accel,-128844,0,544261
52290000,accel,-168614,0,489767
52300000,accel,-205725,0,443319
52310000,accel,-239591,0,405651
52320000,accel,-269680,0,377356
52330000,accel,-295515,0,358880
52340000,accel,-316689,0,350515
52350000,accel,-332870,0,352393
52360000,accel,-343801,0,364484
52370000,accel,-349309,0,386598
52380000,accel,-349309,0,418385
52390000,accel,-343801,0,459345
52400000,accel,-332870,0,508831
52410000,accel,-316689,0,566063
52420000,accel,-295515,0,630139
52430000,accel,-269680,0,700048
52440000,accel,-239591,0,774687
52450000,accel,-205725,0,852879
52460000,accel,-168614,0,933391
52470000,accel,-128844,0,1014954
52480000,accel,-87041,0,1096282
52490000,accel,-43867,0,1176090
52500000,accel,0,0,1253122
52510000,accel,43867,0,1326162
52520000,accel,87041,0,1394058
52530000,accel,128844,0,1455739
52540000,accel,168614,0,1510233
52550000,accel,205725,0,1556681
52560000,accel,239591,0,1594349
52570000,accel,269680,0,1622644
52580000,accel,295515,0,1641120
52590000,accel,316689,0,1649485
52600000,accel,332870,0,1647607
52610000,accel,343801,0,1635516
52620000,accel,349309,0,1613402
52630000,accel,349309,0,1581615
52640000,accel,343801,0,1540655
52650000,accel,332870,0,1491169
52660000,accel,316689,0,1433937
52670000,accel,295515,0,1369861
52680000,accel,269680,0,1299952
52690000,accel,239591,0,1225313
52700000,accel,205725,0,1147121
52710000,accel,168614,0,1066609
52720000,accel,128844,0,985046
52730000,accel,87041,0,903718
52740000,accel,43867,0,823910
52750000,accel,0,0,746878
52760000,accel,-43867,0,673838
52770000,accel,-87041,0,605942
52780000,accel,-128844,0,544261
52790000,accel,-168614,0,489767
52800000,accel,-205725,0,443319
52810000,accel,-239591,0,405651
52820000,accel,-269680,0,377356
52830000,accel,-295515,0,358880
52840000,accel,-316689,0,350515
52850000,accel,-332870,0,352393
52860000,accel,-343801,0,364484
52870000,accel,-349309,0,386598
52880000,accel,-349309,0,418385
52890000,accel,-343801,0,459345
52900000,accel,-332870,0,508831
52910000,accel,-316689,0,566063
52920000,accel,-295515,0,630139
52930000,accel,-269680,0,700048
52940000,accel,-239591,0,774687
52950000,accel,-205725,0,852879
52960000,accel,-168614,0,933391
52970000,accel,-128844,0,1014954
52980000,accel,-87041,0,1096282
52990000,accel,-43867,0,1176090
53000000,accel,0,0,1253122
53010000,accel,43867,0,1326162
53020000,accel,87041,0,1394058
53030000,accel,128844,0,1455739
53040000,accel,168614,0,1510233
53050000,accel,205725,0,1556681
53060000,accel,239591,0,1594349
53070000,accel,269680,0,1622644
53080000,accel,295515,0,1641120
53090000,accel,316689,0,1649485
53100000,accel,332870,0,1647607
53110000,accel,343801,0,1635516
53120000,accel,349309,0,1613402
53130000,accel,349309,0,1581615
53140000,accel,343801,0,1540655
53150000,accel,332870,0,1491169
53160000,accel,316689,0,1433937
53170000,accel,295515,0,1369861
53180000,accel,269680,0,1299952
53190000,accel,239591,0,1225313
53200000,accel,205725,0,1147121
53210000,accel,168614,0,1066609
53220000,accel,128844,0,985046
53230000,accel,87041,0,903718
53240000,accel,43867,0,823910
53250000,accel,0,0,746878
53260000,accel,-43867,0,673838
53270000,accel,-87041,0,605942
53280000,accel,-128844,0,544261
53290000,accel,-168614,0,489767
53300000,accel,-205725,0,443319
53310000,accel,-239591,0,405651
53320000,accel,-269680,0,377356
53330000,accel,-295515,0,358880
53340000,accel,-316689,0,350515
53350000,accel,-332870,0,352393
53360000,accel,-343801,0,364484
53370000,accel,-349309,0,386598
53380000,accel,-349309,0,418385
53390000,accel,-343801,0,459345
53400000,accel,-332870,0,508831
53410000,accel,-316689,0,566063
53420000,accel,-295515,0,630139
53430000,accel,-269680,0,700048
53440000,accel,-239591,0,774687
53450000,accel,-205725,0,852879
53460000,accel,-168614,0,933391
53470000,accel,-128844,0,1014954
53480000,accel,-87041,0,1096282
53490000,accel,-43867,0,1176090
53500000,accel,0,0,1253122
53510000,accel,43867,0,1326162
53520000,accel,87041,0,1394058
53530000,accel,128844,0,1455739
53540000,accel,168614,0,1510233
53550000,accel,205725,0,1556681
53560000,accel,239591,0,1594349
53570000,accel,269680,0,1622644
53580000,accel,295515,0,1641120
53590000,accel,316689,0,1649485
53600000,accel,332870,0,1647607
53610000,accel,343801,0,1635516
53620000,accel,349309,0,1613402
53630000,accel,349309,0,1581615
53640000,accel,343801,0,1540655
53650000,accel,332870,0,1491169
53660000,accel,316689,0,1433937
53670000,accel,295515,0,1369861
53680000,accel,269680,0,1299952
53690000,accel,239591,0,1225313
53700000,accel,205725,0,1147121
53710000,accel,168614,0,1066609
53720000,accel,128844,0,985046
53730000,accel,87041,0,903718
53740000,accel,43867,0,823910
53750000,accel,0,0,746878
53760000,accel,-43867,0,673838
53770000,accel,-87041,0,605942
53780000,accel,-128844,0,544261
53790000,accel,-168614,0,489767
53800000,accel,-205725,0,443319
53810000,accel,-239591,0,405651
53820000,accel,-269680,0,377356
53830000,accel,-295515,0,358880
53840000,accel,-316689,0,350515
53850000,accel,-332870,0,352393
53860000,accel,-343801,0,364484
53870000,accel,-349309,0,386598
53880000,accel,-349309,0,418385
53890000,accel,-343801,0,459345
53900000,accel,-332870,0,508831
53910000,accel,-316689,0,566063
53920000,accel,-295515,0,630139
53930000,accel,-269680,0,700048
53940000,accel,-239591,0,774687
53950000,accel,-205725,0,852879
53960000,accel,-168614,0,933391
53970000,accel,-128844,0,1014954
53980000,accel,-87041,0,1096282
53990000,accel,-43867,0,1176090
54000000,accel,0,0,1253122
54010000,accel,43867,0,1326162
54020000,accel,87041,0,1394058
54030000,accel,128844,0,1455739
54040000,accel,168614,0,1510233
54050000,accel,205725,0,1556681
54060000,accel,239591,0,1594349
54070000,accel,269680,0,1622644
54080000,accel,295515,0,1641120
54090000,accel,316689,0,1649485
54100000,accel,332870,0,1647607
54110000,accel,343801,0,1635516
54120000,accel,349309,0,1613402
54130000,accel,349309,0,1581615
54140000,accel,343801,0,1540655
54150000,accel,332870,0,1491169
54160000,accel,316689,0,1433937
54170000,accel,295515,0,1369861
54180000,accel,269680,0,1299952
54190000,accel,239591,0,1225313
54200000,accel,205725,0,1147121
54210000,accel,168614,0,1066609
54220000,accel,128844,0,985046
54230000,accel,87041,0,903718
54240000,accel,43867,0,823910
54250000,accel,0,0,746878
54260000,accel,-43867,0,673838
54270000,accel,-87041,0,605942
54280000,accel,-128844,0,544261
54290000,accel,-168614,0,489767
54300000,accel,-205725,0,443319
54310000,accel,-239591,0,405651
54320000,accel,-269680,0,377356
54330000,accel,-295515,0,358880
54340000,accel,-316689,0,350515
54350000,accel,-332870,0,352393
54360000,accel,-343801,0,364484
54370000,accel,-349309,0,386598
54380000,accel,-349309,0,418385
54390000,accel,-343801,0,459345
54400000,accel,-332870,0,508831
54410000,accel,-316689,0,566063
54420000,accel,-295515,0,630139
54430000,accel,-269680,0,700048
54440000,accel,-239591,0,774687
54450000,accel,-205725,0,852879
54460000,accel,-168614,0,933391
54470000,accel,-128844,0,1014954
54480000,accel,-87041,0,1096282
54490000,accel,-43867,0,1176090
54500000,accel,0,0,1253122
54510000,accel,43867,0,1326162
54520000,accel,87041,0,1394058
54530000,accel,128844,0,1455739
54540000,accel,168614,0,1510233
54550000,accel,205725,0,1556681
54560000,accel,239591,0,1594349
54570000,accel,269680,0,1622644
54580000,accel,295515,0,1641120
54590000,accel,316689,0,1649485
54600000,accel,332870,0,1647607
54610000,accel,343801,0,1635516
54620000,accel,349309,0,1613402
54630000,accel,349309,0,1581615
54640000,accel,343801,0,1540655
54650000,accel,332870,0,1491169
54660000,accel,316689,0,1433937
54670000,accel,295515,0,1369861
54680000,accel,269680,0,1299952
54690000,accel,239591,0,1225313
54700000,accel,205725,0,1147121
54710000,accel,168614,0,1066609
54720000,accel,128844,0,985046
54730000,accel,87041,0,903718
54740000,accel,43867,0,823910
54750000,accel,0,0,746878
54760000,accel,-43867,0,673838
54770000,accel,-87041,0,605942
54780000,accel,-128844,0,544261
54790000,accel,-168614,0,489767
54800000,accel,-205725,0,443319
54810000,accel,-239591,0,405651
54820000,accel,-269680,0,377356
54830000,accel,-295515,0,358880
54840000,accel,-316689,0,350515
54850000,accel,-332870,0,352393
54860000,accel,-343801,0,364484
54870000,accel,-349309,0,386598
54880000,accel,-349309,0,418385
54890000,accel,-343801,0,459345
54900000,accel,-332870,0,508831
54910000,accel,-316689,0,566063
54920000,accel,-295515,0,630139
54930000,accel,-269680,0,700048
54940000,accel,-239591,0,774687
54950000,accel,-205725,0,852879
54960000,accel,-168614,0,933391
54970000,accel,-128844,0,1014954
54980000,accel,-87041,0,1096282
54990000,accel,-43867,0,1176090
55000000,accel,0,0,1253122
55010000,accel,43867,0,1326162
55020000,accel,87041,0,1394058
55030000,accel,128844,0,1455739
55040000,accel,168614,0,1510233
55050000,accel,205725,0,1556681
55060000,accel,239591,0,1594349
55070000,accel,269680,0,1622644
55080000,accel,295515,0,1641120
55090000,accel,316689,0,1649485
55100000,accel,332870,0,1647607
55110000,accel,343801,0,1635516
55120000,accel,349309,0,1613402
55130000,accel,349309,0,1581615
55140000,accel,343801,0,1540655
55150000,accel,332870,0,1491169
55160000,accel,316689,0,1433937
55170000,accel,295515,0,1369861
55180000,accel,269680,0,1299952
55190000,accel,239591,0,1225313
55200000,accel,205725,0,1147121
55210000,accel,168614,0,1066609
55220000,accel,128844,0,985046
55230000,accel,87041,0,903718
55240000,accel,43867,0,823910
55250000,accel,0,0,746878
55260000,accel,-43867,0,673838
55270000,accel,-87041,0,605942
55280000,accel,-128844,0,544261
55290000,accel,-168614,0,489767
55300000,accel,-205725,0,443319
55310000,accel,-239591,0,405651
55320000,accel,-269680,0,377356
55330000,accel,-295515,0,358880
55340000,accel,-316689,0,350515
55350000,accel,-332870,0,352393
55360000,accel,-343801,0,364484
55370000,accel,-349309,0,386598
55380000,accel,-349309,0,418385
55390000,accel,-343801,0,459345
55400000,accel,-332870,0,508831
55410000,accel,-316689,0,566063
55420000,accel,-295515,0,630139
55430000,accel,-269680,0,700048
55440000,accel,-239591,0,774687
55450000,accel,-205725,0,852879
55460000,accel,-168614,0,933391
55470000,accel,-128844,0,1014954
55480000,accel,-87041,0,1096282
55490000,accel,-43867,0,1176090
55500000,accel,0,0,1253122
55510000,accel,43867,0,1326162
55520000,accel,87041,0,1394058
55530000,accel,128844,0,1455739
55540000,accel,168614,0,1510233
55550000,accel,205725,0,1556681
55560000,accel,239591,0,1594349
55570000,accel,269680,0,1622644
55580000,accel,295515,0,1641120
55590000,accel,316689,0,1649485
55600000,accel,332870,0,1647607
55610000,accel,343801,0,1635516
55620000,accel,349309,0,1613402
55630000,accel,349309,0,1581615
55640000,accel,343801,0,1540655
55650000,accel,332870,0,1491169
55660000,accel,316689,0,1433937
55670000,accel,295515,0,1369861
55680000,accel,269680,0,1299952
55690000,accel,239591,0,1225313
55700000,accel,205725,0,1147121
55710000,accel,168614,0,1066609
55720000,accel,128844,0,985046
55730000,accel,87041,0,903718
55740000,accel,43867,0,823910
55750000,accel,0,0,746878
55760000,accel,-43867,0,673838
55770000,accel,-87041,0,605942
55780000,accel,-128844,0,544261
55790000,accel,-168614,0,489767
55800000,accel,-205725,0,443319
55810000,accel,-239591,0,405651
55820000,accel,-269680,0,377356
55830000,accel,-295515,0,358880
55840000,accel,-316689,0,350515
55850000,accel,-332870,0,352393
55860000,accel,-343801,0,364484
55870000,accel,-349309,0,386598
55880000,accel,-349309,0,418385
55890000,accel,-343801,0,459345
55900000,accel,-332870,0,508831
55910000,accel,-316689,0,566063
55920000,accel,-295515,0,630139
55930000,accel,-269680,0,700048
55940000,accel,-239591,0,774687
55950000,accel,-205725,0,852879
55960000,accel,-168614,0,933391
55970000,accel,-128844,0,1014954
55980000,accel,-87041,0,1096282
55990000,accel,-43867,0,1176090
56000000,accel,0,0,1253122
56010000,accel,43867,0,1326162
56020000,accel,87041,0,1394058
56030000,accel,128844,0,1455739
56040000,accel,168614,0,1510233
56050000,accel,205725,0,1556681
56060000,accel,239591,0,1594349
56070000,accel,269680,0,1622644
56080000,accel,295515,0,1641120
56090000,accel,316689,0,1649485
56100000,accel,332870,0,1647607
56110000,accel,343801,0,1635516
56120000,accel,349309,0,1613402
56130000,accel,349309,0,1581615
56140000,accel,343801,0,1540655
56150000,accel,332870,0,1491169
56160000,accel,316689,0,1433937
56170000,accel,295515,0,1369861
56180000,accel,269680,0,1299952
56190000,accel,239591,0,1225313
56200000,accel,205725,0,1147121
56210000,accel,168614,0,1066609
56220000,accel,128844,0,985046
56230000,accel,87041,0,903718
56240000,accel,43867,0,823910
56250000,accel,0,0,746878
56260000,accel,-43867,0,673838
56270000,accel,-87041,0,605942
56280000,accel,-128844,0,544261
56290000,accel,-168614,0,489767
56300000,accel,-205725,0,443319
56310000,accel,-239591,0,405651
56320000,accel,-269680,0,377356
56330000,accel,-295515,0,358880
56340000,accel,-316689,0,350515
56350000,accel,-332870,0,352393
56360000,accel,-343801,0,364484
56370000,accel,-349309,0,386598
56380000,accel,-349309,0,418385
56390000,accel,-343801,0,459345
56400000,accel,-332870,0,508831
56410000,accel,-316689,0,566063
56420000,accel,-295515,0,630139
56430000,accel,-269680,0,700048
56440000,accel,-239591,0,774687
56450000,accel,-205725,0,852879
56460000,accel,-168614,0,933391
56470000,accel,-128844,0,1014954
56480000,accel,-87041,0,1096282
56490000,accel,-43867,0,1176090
56500000,accel,0,0,1253122
56510000,accel,43867,0,1326162
56520000,accel,87041,0,1394058
56530000,accel,128844,0,1455739
56540000,accel,168614,0,1510233
56550000,accel,205725,0,1556681
56560000,accel,239591,0,1594349
56570000,accel,269680,0,1622644
56580000,accel,295515,0,1641120
56590000,accel,316689,0,1649485
56600000,accel,332870,0,1647607
56610000,accel,343801,0,1635516
56620000,accel,349309,0,1613402
56630000,accel,349309,0,1581615
56640000,accel,343801,0,1540655
56650000,accel,332870,0,1491169
56660000,accel,316689,0,1433937
56670000,accel,295515,0,1369861
56680000,accel,269680,0,1299952
56690000,accel,239591,0,1225313
56700000,accel,205725,0,1147121
56710000,accel,168614,0,1066609
56720000,accel,128844,0,985046
56730000,accel,87041,0,903718
56740000,accel,43867,0,823910
56750000,accel,0,0,746878
56760000,accel,-43867,0,673838
56770000,accel,-87041,0,605942
56780000,accel,-128844,0,544261
56790000,accel,-168614,0,489767
56800000,accel,-205725,0,443319
56810000,accel,-239591,0,405651
56820000,accel,-269680,0,377356
56830000,accel,-295515,0,358880
56840000,accel,-316689,0,350515
56850000,accel,-332870,0,352393
56860000,accel,-343801,0,364484
56870000,accel,-349309,0,386598
56880000,accel,-349309,0,418385
56890000,accel,-343801,0,459345
56900000,accel,-332870,0,508831
56910000,accel,-316689,0,566063
56920000,accel,-295515,0,630139
56930000,accel,-269680,0,700048
56940000,accel,-239591,0,774687
56950000,accel,-205725,0,852879
56960000,accel,-168614,0,933391
56970000,accel,-128844,0,1014954
56980000,accel,-87041,0,1096282
56990000,accel,-43867,0,1176090
57000000,accel,0,0,1253122
57010000,accel,43867,0,1326162
57020000,accel,87041,0,1394058
57030000,accel,128844,0,1455739
57040000,accel,168614,0,1510233
57050000,accel,205725,0,1556681
57060000,accel,239591,0,1594349
57070000,accel,269680,0,1622644
57080000,accel,295515,0,1641120
57090000,accel,316689,0,1649485
57100000,accel,332870,0,1647607
57110000,accel,343801,0,1635516
57120000,accel,349309,0,1613402
57130000,accel,349309,0,1581615
57140000,accel,343801,0,1540655
57150000,accel,332870,0,1491169
57160000,accel,316689,0,1433937
57170000,accel,295515,0,1369861
57180000,accel,269680,0,1299952
57190000,accel,239591,0,1225313
57200000,accel,205725,0,1147121
57210000,accel,168614,0,1066609
57220000,accel,128844,0,985046
57230000,accel,87041,0,903718
57240000,accel,43867,0,823910
57250000,accel,0,0,746878
57260000,accel,-43867,0,673838
57270000,accel,-87041,0,605942
57280000,accel,-128844,0,544261
57290000,accel,-168614,0,489767
57300000,accel,-205725,0,443319
57310000,accel,-239591,0,405651
57320000,accel,-269680,0,377356
57330000,accel,-295515,0,358880
57340000,accel,-316689,0,350515
57350000,accel,-332870,0,352393
57360000,accel,-343801,0,364484
57370000,accel,-349309,0,386598
57380000,accel,-349309,0,418385
57390000,accel,-343801,0,459345
57400000,accel,-332870,0,508831
57410000,accel,-316689,0,566063
57420000,accel,-295515,0,630139
57430000,accel,-269680,0,700048
57440000,accel,-239591,0,774687
57450000,accel,-205725,0,852879
57460000,accel,-168614,0,933391
57470000,accel,-128844,0,1014954
57480000,accel,-87041,0,1096282
57490000,accel,-43867,0,1176090
57500000,accel,0,0,1253122
57510000,accel,43867,0,1326162
57520000,accel,87041,0,1394058
57530000,accel,128844,0,1455739
57540000,accel,168614,0,1510233
57550000,accel,205725,0,1556681
57560000,accel,239591,0,1594349
57570000,accel,269680,0,1622644
57580000,accel,295515,0,1641120
57590000,accel,316689,0,1649485
57600000,accel,332870,0,1647607
57610000,accel,343801,0,1635516
57620000,accel,349309,0,1613402
57630000,accel,349309,0,1581615
57640000,accel,343801,0,1540655
57650000,accel,332870,0,1491169
57660000,accel,316689,0,1433937
57670000,accel,295515,0,1369861
57680000,accel,269680,0,1299952
57690000,accel,239591,0,1225313
57700000,accel,205725,0,1147121
57710000,accel,168614,0,1066609
57720000,accel,128844,0,985046
57730000,accel,87041,0,903718
57740000,accel,43867,0,823910
57750000,accel,0,0,746878
57760000,accel,-43867,0,673838
57770000,accel,-87041,0,605942
57780000,accel,-128844,0,544261
57790000,accel,-168614,0,489767
57800000,accel,-205725,0,443319
57810000,accel,-239591,0,405651
57820000,accel,-269680,0,377356
57830000,accel,-295515,0,358880
57840000,accel,-316689,0,350515
57850000,accel,-332870,0,352393
57860000,accel,-343801,0,364484
57870000,accel,-349309,0,386598
57880000,accel,-349309,0,418385
57890000,accel,-343801,0,459345
57900000,accel,-332870,0,508831
57910000,accel,-316689,0,566063
57920000,accel,-295515,0,630139
57930000,accel,-269680,0,700048
57940000,accel,-239591,0,774687
57950000,accel,-205725,0,852879
57960000,accel,-168614,0,933391
57970000,accel,-128844,0,1014954
57980000,accel,-87041,0,1096282
57990000,accel,-43867,0,1176090
58000000,accel,0,0,1253122
58010000,accel,43867,0,1326162
58020000,accel,87041,0,1394058
58030000,accel,128844,0,1455739
58040000,accel,168614,0,1510233
58050000,accel,205725,0,1556681
58060000,accel,239591,0,1594349
58070000,accel,269680,0,1622644
58080000,accel,295515,0,1641120
58090000,accel,316689,0,1649485
58100000,accel,332870,0,1647607
58110000,accel,343801,0,1635516
58120000,accel,349309,0,1613402
58130000,accel,349309,0,1581615
58140000,accel,343801,0,1540655
58150000,accel,332870,0,1491169
58160000,accel,316689,0,1433937
58170000,accel,295515,0,1369861
58180000,accel,269680,0,1299952
58190000,accel,239591,0,1225313
58200000,accel,205725,0,1147121
58210000,accel,168614,0,1066609
58220000,accel,128844,0,985046
58230000,accel,87041,0,903718
58240000,accel,43867,0,823910
58250000,accel,0,0,746878
58260000,accel,-43867,0,673838
58270000,accel,-87041,0,605942
58280000,accel,-128844,0,544261
58290000,accel,-168614,0,489767
58300000,accel,-205725,0,443319
58310000,accel,-239591,0,405651
58320000,accel,-269680,0,377356
58330000,accel,-295515,0,358880
58340000,accel,-316689,0,350515
58350000,accel,-332870,0,352393
58360000,accel,-343801,0,364484
58370000,accel,-349309,0,386598
58380000,accel,-349309,0,418385
58390000,accel,-343801,0,459345
58400000,accel,-332870,0,508831
58410000,accel,-316689,0,566063
58420000,accel,-295515,0,630139
58430000,accel,-269680,0,700048
58440000,accel,-239591,0,774687
58450000,accel,-205725,0,852879
58460000,accel,-168614,0,933391
58470000,accel,-128844,0,1014954
58480000,accel,-87041,0,1096282
58490000,accel,-43867,0,1176090
58500000,accel,0,0,1253122
58510000,accel,43867,0,1326162
58520000,accel,87041,0,1394058
58530000,accel,128844,0,1455739
58540000,accel,168614,0,1510233
58550000,accel,205725,0,1556681
58560000,accel,239591,0,1594349
58570000,accel,269680,0,1622644
58580000,accel,295515,0,1641120
58590000,accel,316689,0,1649485
58600000,accel,332870,0,1647607
58610000,accel,343801,0,1635516
58620000,accel,349309,0,1613402
58630000,accel,349309,0,1581615
58640000,accel,343801,0,1540655
58650000,accel,332870,0,1491169
58660000,accel,316689,0,1433937
58670000,accel,295515,0,1369861
58680000,accel,269680,0,1299952
58690000,accel,239591,0,1225313
58700000,accel,205725,0,1147121
58710000,accel,168614,0,1066609
58720000,accel,128844,0,985046
58730000,accel,87041,0,903718
58740000,accel,43867,0,823910
58750000,accel,0,0,746878
58760000,accel,-43867,0,673838
58770000,accel,-87041,0,605942
58780000,accel,-128844,0,544261
58790000,accel,-168614,0,489767
58800000,accel,-205725,0,443319
58810000,accel,-239591,0,405651
58820000,accel,-269680,0,377356
58830000,accel,-295515,0,358880
58840000,accel,-316689,0,350515
58850000,accel,-332870,0,352393
58860000,accel,-343801,0,364484
58870000,accel,-349309,0,386598
58880000,accel,-349309,0,418385
58890000,accel,-343801,0,459345
58900000,accel,-332870,0,508831
58910000,accel,-316689,0,566063
58920000,accel,-295515,0,630139
58930000,accel,-269680,0,700048
58940000,accel,-239591,0,774687
58950000,accel,-205725,0,852879
58960000,accel,-168614,0,933391
58970000,accel,-128844,0,1014954
58980000,accel,-87041,0,1096282
58990000,accel,-43867,0,1176090
59000000,accel,0,0,1253122
59010000,accel,43867,0,1326162
59020000,accel,87041,0,1394058
59030000,accel,128844,0,1455739
59040000,accel,168614,0,1510233
59050000,accel,205725,0,1556681
59060000,accel,239591,0,1594349
59070000,accel,269680,0,1622644
59080000,accel,295515,0,1641120
59090000,accel,316689,0,1649485
59100000,accel,332870,0,1647607
59110000,accel,343801,0,1635516
59120000,accel,349309,0,1613402
59130000,accel,349309,0,1581615
59140000,accel,343801,0,1540655
59150000,accel,332870,0,1491169
59160000,accel,316689,0,1433937
59170000,accel,295515,0,1369861
59180000,accel,269680,0,1299952
59190000,accel,239591,0,1225313
59200000,accel,205725,0,1147121
59210000,accel,168614,0,1066609
59220000,accel,128844,0,985046
59230000,accel,87041,0,903718
59240000,accel,43867,0,823910
59250000,accel,0,0,746878
59260000,accel,-43867,0,673838
59270000,accel,-87041,0,605942
59280000,accel,-128844,0,544261
59290000,accel,-168614,0,489767
59300000,accel,-205725,0,443319
59310000,accel,-239591,0,405651
59320000,accel,-269680,0,377356
59330000,accel,-295515,0,358880
59340000,accel,-316689,0,350515
59350000,accel,-332870,0,352393
59360000,accel,-343801,0,364484
59370000,accel,-349309,0,386598
59380000,accel,-349309,0,418385
59390000,accel,-343801,0,459345
59400000,accel,-332870,0,508831
59410000,accel,-316689,0,566063
59420000,accel,-295515,0,630139
59430000,accel,-269680,0,700048
59440000,accel,-239591,0,774687
59450000,accel,-205725,0,852879
59460000,accel,-168614,0,933391
59470000,accel,-128844,0,1014954
59480000,accel,-87041,0,1096282
59490000,accel,-43867,0,1176090
59500000,accel,0,0,1253122
59510000,accel,43867,0,1326162
59520000,accel,87041,0,1394058
59530000,accel,128844,0,1455739
59540000,accel,168614,0,1510233
59550000,accel,205725,0,1556681
59560000,accel,239591,0,1594349
59570000,accel,269680,0,1622644
59580000,accel,295515,0,1641120
59590000,accel,316689,0,1649485
59600000,accel,332870,0,1647607
59610000,accel,343801,0,1635516
59620000,accel,349309,0,1613402
59630000,accel,349309,0,1581615
59640000,accel,343801,0,1540655
59650000,accel,332870,0,1491169
59660000,accel,316689,0,1433937
59670000,accel,295515,0,1369861
59680000,accel,269680,0,1299952
59690000,accel,239591,0,1225313
59700000,accel,205725,0,1147121
59710000,accel,168614,0,1066609
59720000,accel,128844,0,985046
59730000,accel,87041,0,903718
59740000,accel,43867,0,823910
59750000,accel,0,0,746878
59760000,accel,-43867,0,673838
59770000,accel,-87041,0,605942
59780000,accel,-128844,0,544261
59790000,accel,-168614,0,489767
59800000,accel,-205725,0,443319
59810000,accel,-239591,0,405651
59820000,accel,-269680,0,377356
59830000,accel,-295515,0,358880
59840000,accel,-316689,0,350515
59850000,accel,-332870,0,352393
59860000,accel,-343801,0,364484
59870000,accel,-349309,0,386598
59880000,accel,-349309,0,418385
59890000,accel,-343801,0,459345
59900000,accel,-332870,0,508831
59910000,accel,-316689,0,566063
59920000,accel,-295515,0,630139
59930000,accel,-269680,0,700048
59940000,accel,-239591,0,774687
59950000,accel,-205725,0,852879
59960000,accel,-168614,0,933391
59970000,accel,-128844,0,1014954
59980000,accel,-87041,0,1096282
59990000,accel,-43867,0,1176090
60000000,accel,0,0,1253122
